{
  "version": "4.5.6",
  "flags": {},
  "shapes": [
    {
      "label": "box1",
      "points": [
        [
          320.64285714285717,
          86.90476190476191
        ],
        [
          297.42857142857144,
          158.33333333333334
        ],
        [
          298.0238095238095,
          167.85714285714286
        ],
        [
          406.95238095238096,
          208.92857142857144
        ],
        [
          414.09523809523813,
          200.0
        ],
        [
          440.8809523809524,
          130.95238095238096
        ]
      ],
      "group_id": null,
      "shape_type": "polygon",
      "flags": {}
    },
    {
      "label": "box2",
      "points": [
        [
          360.5238095238095,
          191.07142857142858
        ],
        [
          309.92857142857144,
          208.92857142857144
        ],
        [
          346.83333333333337,
          305.95238095238096
        ],
        [
          395.64285714285717,
          286.9047619047619
        ]
      ],
      "group_id": null,
      "shape_type": "polygon",
      "flags": {}
    }
  ],
  "imagePath": "img08_colorRevise.png",
  "imageData": null,
  "imageHeight": 576,
  "imageWidth": 640
}