{
  "version": "4.5.6",
  "flags": {},
  "shapes": [
    {
      "label": "box1",
      "points": [
        [
          350.4047619047619,
          225.5952380952381
        ],
        [
          405.1666666666667,
          320.83333333333337
        ],
        [
          410.5238095238095,
          322.0238095238095
        ],
        [
          473.0238095238095,
          288.6904761904762
        ],
        [
          412.9047619047619,
          177.38095238095238
        ],
        [
          348.61904761904765,
          215.47619047619048
        ]
      ],
      "group_id": null,
      "shape_type": "polygon",
      "flags": {}
    }
  ],
  "imagePath": "img02_colorRevise.png",
  "imageData": null,
  "imageHeight": 576,
  "imageWidth": 640
}