{
  "version": "4.5.6",
  "flags": {},
  "shapes": [
    {
      "label": "box1",
      "points": [
        [
          353.3809523809524,
          119.64285714285715
        ],
        [
          324.2142857142857,
          221.42857142857144
        ],
        [
          330.1666666666667,
          232.14285714285714
        ],
        [
          381.3571428571429,
          241.66666666666669
        ],
        [
          415.2857142857143,
          141.66666666666669
        ],
        [
          399.2142857142857,
          126.78571428571429
        ]
      ],
      "group_id": null,
      "shape_type": "polygon",
      "flags": {}
    }
  ],
  "imagePath": "img09_colorRevise.png",
  "imageData": null,
  "imageHeight": 576,
  "imageWidth": 640
}