{
  "version": "4.5.6",
  "flags": {},
  "shapes": [
    {
      "label": "box1",
      "points": [
        [
          340.2857142857143,
          133.92857142857144
        ],
        [
          254.57142857142856,
          225.0
        ],
        [
          308.14285714285717,
          278.57142857142856
        ],
        [
          396.23809523809524,
          186.30952380952382
        ]
      ],
      "group_id": null,
      "shape_type": "polygon",
      "flags": {}
    }
  ],
  "imagePath": "img03_colorRevise.png",
  "imageData": null,
  "imageHeight": 576,
  "imageWidth": 640
}