{
  "version": "4.5.6",
  "flags": {},
  "shapes": [
    {
      "label": "box1",
      "points": [
        [
          361.11904761904765,
          165.47619047619048
        ],
        [
          324.8095238095238,
          257.14285714285717
        ],
        [
          369.45238095238096,
          282.14285714285717
        ],
        [
          385.5238095238095,
          265.4761904761905
        ],
        [
          423.61904761904765,
          179.76190476190476
        ],
        [
          376.0,
          154.76190476190476
        ]
      ],
      "group_id": null,
      "shape_type": "polygon",
      "flags": {}
    }
  ],
  "imagePath": "img04_colorRevise.png",
  "imageData": null,
  "imageHeight": 576,
  "imageWidth": 640
}