{
  "version": "4.5.6",
  "flags": {},
  "shapes": [
    {
      "label": "box1",
      "points": [
        [
          306.3571428571429,
          216.07142857142858
        ],
        [
          326.59523809523813,
          289.2857142857143
        ],
        [
          447.42857142857144,
          252.97619047619048
        ],
        [
          428.3809523809524,
          182.14285714285714
        ]
      ],
      "group_id": null,
      "shape_type": "polygon",
      "flags": {}
    },
    {
      "label": "box2",
      "points": [
        [
          302.7857142857143,
          170.23809523809524
        ],
        [
          309.33333333333337,
          182.14285714285714
        ],
        [
          345.04761904761904,
          203.57142857142858
        ],
        [
          352.7857142857143,
          201.7857142857143
        ],
        [
          401.0,
          120.83333333333334
        ],
        [
          405.1666666666667,
          108.92857142857143
        ],
        [
          358.14285714285717,
          79.16666666666667
        ]
      ],
      "group_id": null,
      "shape_type": "polygon",
      "flags": {}
    }
  ],
  "imagePath": "img05_colorRevise.png",
  "imageData": null,
  "imageHeight": 576,
  "imageWidth": 640
}