{
  "version": "4.5.6",
  "flags": {},
  "shapes": [
    {
      "label": "box1",
      "points": [
        [
          419.45238095238096,
          94.64285714285715
        ],
        [
          344.45238095238096,
          180.35714285714286
        ],
        [
          341.4761904761905,
          191.07142857142858
        ],
        [
          380.76190476190476,
          222.61904761904762
        ],
        [
          390.2857142857143,
          217.85714285714286
        ],
        [
          461.7142857142858,
          134.52380952380952
        ]
      ],
      "group_id": null,
      "shape_type": "polygon",
      "flags": {}
    }
  ],
  "imagePath": "img11_colorRevise.png",
  "imageData": null,
  "imageHeight": 576,
  "imageWidth": 640
}