{
  "version": "4.5.6",
  "flags": {},
  "shapes": [
    {
      "label": "box1",
      "points": [
        [
          417.6666666666667,
          96.42857142857143
        ],
        [
          342.0714285714286,
          178.57142857142858
        ],
        [
          342.0714285714286,
          194.04761904761907
        ],
        [
          379.5714285714286,
          222.61904761904762
        ],
        [
          388.5,
          216.66666666666669
        ],
        [
          461.7142857142858,
          136.30952380952382
        ]
      ],
      "group_id": null,
      "shape_type": "polygon",
      "flags": {}
    }
  ],
  "imagePath": "img10_colorRevise.png",
  "imageData": null,
  "imageHeight": 576,
  "imageWidth": 640
}