{
  "version": "4.5.6",
  "flags": {},
  "shapes": [
    {
      "label": "box1",
      "points": [
        [
          274.8095238095238,
          97.61904761904762
        ],
        [
          264.09523809523813,
          226.7857142857143
        ],
        [
          339.09523809523813,
          237.5
        ],
        [
          350.4047619047619,
          105.95238095238096
        ]
      ],
      "group_id": null,
      "shape_type": "polygon",
      "flags": {}
    },
    {
      "label": "box2",
      "points": [
        [
          354.5714285714286,
          96.42857142857143
        ],
        [
          343.8571428571429,
          194.64285714285714
        ],
        [
          446.2380952380953,
          205.35714285714286
        ],
        [
          456.95238095238096,
          107.73809523809524
        ]
      ],
      "group_id": null,
      "shape_type": "polygon",
      "flags": {}
    },
    {
      "label": "box3",
      "points": [
        [
          343.26190476190476,
          201.1904761904762
        ],
        [
          339.09523809523813,
          254.16666666666669
        ],
        [
          361.7142857142857,
          259.5238095238095
        ],
        [
          439.0952380952381,
          262.5
        ],
        [
          445.04761904761904,
          209.52380952380952
        ]
      ],
      "group_id": null,
      "shape_type": "polygon",
      "flags": {}
    }
  ],
  "imagePath": "img14_colorRevise.png",
  "imageData": null,
  "imageHeight": 576,
  "imageWidth": 640
}