{
  "version": "4.5.6",
  "flags": {},
  "shapes": [
    {
      "label": "box1",
      "points": [
        [
          398.61904761904765,
          90.47619047619048
        ],
        [
          350.4047619047619,
          200.0
        ],
        [
          390.8809523809524,
          220.83333333333334
        ],
        [
          443.2619047619048,
          113.0952380952381
        ]
      ],
      "group_id": null,
      "shape_type": "polygon",
      "flags": {}
    }
  ],
  "imagePath": "img18_colorRevise.png",
  "imageData": null,
  "imageHeight": 576,
  "imageWidth": 640
}