{
  "version": "4.5.6",
  "flags": {},
  "shapes": [
    {
      "label": "box1",
      "points": [
        [
          371.23809523809524,
          50.0
        ],
        [
          327.1904761904762,
          200.5952380952381
        ],
        [
          407.5476190476191,
          227.38095238095238
        ],
        [
          453.3809523809524,
          76.19047619047619
        ]
      ],
      "group_id": null,
      "shape_type": "polygon",
      "flags": {}
    }
  ],
  "imagePath": "img29_colorRevise.png",
  "imageData": null,
  "imageHeight": 576,
  "imageWidth": 640
}