{
  "version": "4.5.6",
  "flags": {},
  "shapes": [
    {
      "label": "box1",
      "points": [
        [
          314.6904761904762,
          71.42857142857143
        ],
        [
          320.64285714285717,
          131.54761904761907
        ],
        [
          426.59523809523813,
          123.80952380952381
        ],
        [
          421.23809523809524,
          60.714285714285715
        ]
      ],
      "group_id": null,
      "shape_type": "polygon",
      "flags": {}
    },
    {
      "label": "box2",
      "points": [
        [
          381.3571428571429,
          129.76190476190476
        ],
        [
          389.09523809523813,
          264.8809523809524
        ],
        [
          480.7619047619048,
          256.54761904761904
        ],
        [
          477.19047619047626,
          124.40476190476191
        ]
      ],
      "group_id": null,
      "shape_type": "polygon",
      "flags": {}
    },
    {
      "label": "box3",
      "points": [
        [
          253.3809523809524,
          139.28571428571428
        ],
        [
          259.92857142857144,
          213.6904761904762
        ],
        [
          261.7142857142857,
          216.07142857142858
        ],
        [
          384.33333333333337,
          207.14285714285714
        ],
        [
          380.76190476190476,
          130.35714285714286
        ]
      ],
      "group_id": null,
      "shape_type": "polygon",
      "flags": {}
    },
    {
      "label": "box4",
      "points": [
        [
          287.3095238095238,
          216.07142857142858
        ],
        [
          297.42857142857144,
          314.8809523809524
        ],
        [
          389.09523809523813,
          310.11904761904765
        ],
        [
          383.14285714285717,
          209.52380952380952
        ]
      ],
      "group_id": null,
      "shape_type": "polygon",
      "flags": {}
    }
  ],
  "imagePath": "img24_colorRevise.png",
  "imageData": null,
  "imageHeight": 576,
  "imageWidth": 640
}