{
  "version": "4.5.6",
  "flags": {},
  "shapes": [
    {
      "label": "box1",
      "points": [
        [
          285.5238095238095,
          47.023809523809526
        ],
        [
          261.11904761904765,
          178.57142857142858
        ],
        [
          328.9761904761905,
          197.61904761904762
        ],
        [
          361.11904761904765,
          62.5
        ]
      ],
      "group_id": null,
      "shape_type": "polygon",
      "flags": {}
    },
    {
      "label": "box2",
      "points": [
        [
          464.0952380952381,
          133.33333333333334
        ],
        [
          339.09523809523813,
          180.95238095238096
        ],
        [
          369.45238095238096,
          277.3809523809524
        ],
        [
          380.1666666666667,
          277.9761904761905
        ],
        [
          490.28571428571433,
          225.0
        ]
      ],
      "group_id": null,
      "shape_type": "polygon",
      "flags": {}
    }
  ],
  "imagePath": "img26_colorRevise.png",
  "imageData": null,
  "imageHeight": 576,
  "imageWidth": 640
}