{
  "version": "4.5.6",
  "flags": {},
  "shapes": [
    {
      "label": "box1",
      "points": [
        [
          361.11904761904765,
          39.285714285714285
        ],
        [
          350.4047619047619,
          173.80952380952382
        ],
        [
          446.83333333333337,
          181.54761904761907
        ],
        [
          459.33333333333337,
          173.21428571428572
        ],
        [
          470.6428571428571,
          48.214285714285715
        ]
      ],
      "group_id": null,
      "shape_type": "polygon",
      "flags": {}
    }
  ],
  "imagePath": "img28_colorRevise.png",
  "imageData": null,
  "imageHeight": 576,
  "imageWidth": 640
}