{
  "version": "4.5.6",
  "flags": {},
  "shapes": [
    {
      "label": "box1",
      "points": [
        [
          315.8809523809524,
          145.83333333333334
        ],
        [
          287.9047619047619,
          166.66666666666669
        ],
        [
          251.0,
          234.52380952380952
        ],
        [
          323.0238095238095,
          294.04761904761904
        ],
        [
          371.83333333333337,
          229.16666666666669
        ],
        [
          391.4761904761905,
          208.92857142857144
        ]
      ],
      "group_id": null,
      "shape_type": "polygon",
      "flags": {}
    },
    {
      "label": "box2",
      "points": [
        [
          453.9761904761905,
          106.54761904761905
        ],
        [
          384.33333333333337,
          195.23809523809524
        ],
        [
          389.6904761904762,
          208.33333333333334
        ],
        [
          418.8571428571429,
          230.35714285714286
        ],
        [
          426.59523809523813,
          224.40476190476193
        ],
        [
          496.2380952380953,
          145.83333333333334
        ]
      ],
      "group_id": null,
      "shape_type": "polygon",
      "flags": {}
    },
    {
      "label": "box3",
      "points": [
        [
          414.09523809523813,
          30.357142857142858
        ],
        [
          298.0238095238095,
          100.5952380952381
        ],
        [
          325.4047619047619,
          153.57142857142858
        ],
        [
          343.26190476190476,
          169.64285714285714
        ],
        [
          443.8571428571429,
          120.83333333333334
        ],
        [
          453.3809523809524,
          102.97619047619048
        ]
      ],
      "group_id": null,
      "shape_type": "polygon",
      "flags": {}
    }
  ],
  "imagePath": "img27_colorRevise.png",
  "imageData": null,
  "imageHeight": 576,
  "imageWidth": 640
}