{
  "version": "4.5.6",
  "flags": {},
  "shapes": [
    {
      "label": "box1",
      "points": [
        [
          246.83333333333337,
          95.83333333333334
        ],
        [
          286.11904761904765,
          197.02380952380952
        ],
        [
          371.23809523809524,
          160.11904761904762
        ],
        [
          336.7142857142857,
          61.30952380952381
        ]
      ],
      "group_id": null,
      "shape_type": "polygon",
      "flags": {}
    },
    {
      "label": "box2",
      "points": [
        [
          416.4761904761905,
          122.61904761904762
        ],
        [
          352.1904761904762,
          176.1904761904762
        ],
        [
          342.6666666666667,
          210.11904761904762
        ],
        [
          381.3571428571429,
          238.0952380952381
        ],
        [
          446.83333333333337,
          184.52380952380952
        ],
        [
          456.3571428571429,
          152.38095238095238
        ]
      ],
      "group_id": null,
      "shape_type": "polygon",
      "flags": {}
    }
  ],
  "imagePath": "img21_colorRevise.png",
  "imageData": null,
  "imageHeight": 576,
  "imageWidth": 640
}