{
  "version": "4.5.6",
  "flags": {},
  "shapes": [
    {
      "label": "box1",
      "points": [
        [
          405.76190476190476,
          99.40476190476191
        ],
        [
          308.73809523809524,
          164.88095238095238
        ],
        [
          366.4761904761905,
          248.80952380952382
        ],
        [
          390.8809523809524,
          238.0952380952381
        ],
        [
          455.16666666666674,
          179.76190476190476
        ]
      ],
      "group_id": null,
      "shape_type": "polygon",
      "flags": {}
    }
  ],
  "imagePath": "img22_colorRevise.png",
  "imageData": null,
  "imageHeight": 576,
  "imageWidth": 640
}