{
  "version": "4.5.6",
  "flags": {},
  "shapes": [
    {
      "label": "box1",
      "points": [
        [
          356.95238095238096,
          104.76190476190476
        ],
        [
          345.04761904761904,
          217.26190476190476
        ],
        [
          397.42857142857144,
          223.80952380952382
        ],
        [
          413.5,
          139.28571428571428
        ],
        [
          414.09523809523813,
          108.92857142857143
        ]
      ],
      "group_id": null,
      "shape_type": "polygon",
      "flags": {}
    },
    {
      "label": "box2",
      "points": [
        [
          320.04761904761904,
          217.85714285714286
        ],
        [
          310.5238095238095,
          317.26190476190476
        ],
        [
          401.59523809523813,
          327.9761904761905
        ],
        [
          413.5,
          225.0
        ]
      ],
      "group_id": null,
      "shape_type": "polygon",
      "flags": {}
    }
  ],
  "imagePath": "img23_colorRevise.png",
  "imageData": null,
  "imageHeight": 576,
  "imageWidth": 640
}