{
  "version": "4.5.6",
  "flags": {},
  "shapes": [
    {
      "label": "box1",
      "points": [
        [
          336.11904761904765,
          112.5
        ],
        [
          317.0714285714286,
          175.0
        ],
        [
          423.0238095238095,
          211.90476190476193
        ],
        [
          443.2619047619048,
          151.78571428571428
        ]
      ],
      "group_id": null,
      "shape_type": "polygon",
      "flags": {}
    }
  ],
  "imagePath": "img20_colorRevise.png",
  "imageData": null,
  "imageHeight": 576,
  "imageWidth": 640
}