{
  "version": "4.5.6",
  "flags": {},
  "shapes": [
    {
      "label": "box1",
      "points": [
        [
          347.42857142857144,
          133.92857142857144
        ],
        [
          343.26190476190476,
          138.6904761904762
        ],
        [
          349.2142857142857,
          225.5952380952381
        ],
        [
          481.95238095238096,
          215.47619047619048
        ],
        [
          478.9761904761905,
          130.95238095238096
        ]
      ],
      "group_id": null,
      "shape_type": "polygon",
      "flags": {}
    }
  ],
  "imagePath": "img33_colorRevise.png",
  "imageData": null,
  "imageHeight": 576,
  "imageWidth": 640
}