{
  "version": "4.5.6",
  "flags": {},
  "shapes": [
    {
      "label": "box1",
      "points": [
        [
          361.11904761904765,
          51.785714285714285
        ],
        [
          302.7857142857143,
          186.30952380952382
        ],
        [
          377.7857142857143,
          220.23809523809524
        ],
        [
          437.9047619047619,
          89.88095238095238
        ]
      ],
      "group_id": null,
      "shape_type": "polygon",
      "flags": {}
    },
    {
      "label": "box2",
      "points": [
        [
          365.2857142857143,
          230.35714285714286
        ],
        [
          396.83333333333337,
          339.8809523809524
        ],
        [
          477.78571428571433,
          317.8571428571429
        ],
        [
          451.0,
          201.1904761904762
        ]
      ],
      "group_id": null,
      "shape_type": "polygon",
      "flags": {}
    }
  ],
  "imagePath": "img38_colorRevise.png",
  "imageData": null,
  "imageHeight": 576,
  "imageWidth": 640
}