{
  "version": "4.5.6",
  "flags": {},
  "shapes": [
    {
      "label": "box1",
      "points": [
        [
          326.0,
          143.45238095238096
        ],
        [
          278.9761904761905,
          274.4047619047619
        ],
        [
          348.61904761904765,
          302.3809523809524
        ],
        [
          401.0,
          175.5952380952381
        ]
      ],
      "group_id": null,
      "shape_type": "polygon",
      "flags": {}
    },
    {
      "label": "box2",
      "points": [
        [
          397.42857142857144,
          213.0952380952381
        ],
        [
          364.6904761904762,
          291.07142857142856
        ],
        [
          464.69047619047626,
          340.4761904761905
        ],
        [
          498.6190476190476,
          265.4761904761905
        ]
      ],
      "group_id": null,
      "shape_type": "polygon",
      "flags": {}
    }
  ],
  "imagePath": "img32_colorRevise.png",
  "imageData": null,
  "imageHeight": 576,
  "imageWidth": 640
}