{
  "version": "4.5.6",
  "flags": {},
  "shapes": [
    {
      "label": "box1",
      "points": [
        [
          253.3809523809524,
          140.47619047619048
        ],
        [
          234.92857142857144,
          262.5
        ],
        [
          302.1904761904762,
          277.9761904761905
        ],
        [
          327.1904761904762,
          154.16666666666669
        ],
        [
          247.42857142857144,
          139.88095238095238
        ]
      ],
      "group_id": null,
      "shape_type": "polygon",
      "flags": {}
    },
    {
      "label": "box2",
      "points": [
        [
          338.5,
          89.28571428571429
        ],
        [
          323.61904761904765,
          172.02380952380952
        ],
        [
          430.76190476190476,
          195.83333333333334
        ],
        [
          448.0238095238095,
          113.69047619047619
        ]
      ],
      "group_id": null,
      "shape_type": "polygon",
      "flags": {}
    },
    {
      "label": "box3",
      "points": [
        [
          324.8095238095238,
          180.95238095238096
        ],
        [
          304.5714285714286,
          278.57142857142856
        ],
        [
          394.45238095238096,
          298.8095238095238
        ],
        [
          417.0714285714286,
          198.80952380952382
        ]
      ],
      "group_id": null,
      "shape_type": "polygon",
      "flags": {}
    },
    {
      "label": "box4",
      "points": [
        [
          419.45238095238096,
          200.0
        ],
        [
          398.0238095238095,
          295.83333333333337
        ],
        [
          448.0238095238095,
          307.73809523809524
        ],
        [
          471.83333333333337,
          209.52380952380952
        ]
      ],
      "group_id": null,
      "shape_type": "polygon",
      "flags": {}
    }
  ],
  "imagePath": "img31_colorRevise.png",
  "imageData": null,
  "imageHeight": 576,
  "imageWidth": 640
}