{
  "version": "4.5.6",
  "flags": {},
  "shapes": [
    {
      "label": "box1",
      "points": [
        [
          372.42857142857144,
          170.83333333333334
        ],
        [
          366.4761904761905,
          180.35714285714286
        ],
        [
          427.7857142857143,
          303.57142857142856
        ],
        [
          500.4047619047619,
          275.0
        ],
        [
          437.9047619047619,
          136.30952380952382
        ]
      ],
      "group_id": null,
      "shape_type": "polygon",
      "flags": {}
    }
  ],
  "imagePath": "img37_colorRevise.png",
  "imageData": null,
  "imageHeight": 576,
  "imageWidth": 640
}