{
  "version": "4.5.6",
  "flags": {},
  "shapes": [
    {
      "label": "box1",
      "points": [
        [
          345.64285714285717,
          113.69047619047619
        ],
        [
          270.64285714285717,
          164.28571428571428
        ],
        [
          334.33333333333337,
          270.83333333333337
        ],
        [
          408.73809523809524,
          220.83333333333334
        ]
      ],
      "group_id": null,
      "shape_type": "polygon",
      "flags": {}
    }
  ],
  "imagePath": "img36_colorRevise.png",
  "imageData": null,
  "imageHeight": 576,
  "imageWidth": 640
}