{
  "version": "4.5.6",
  "flags": {},
  "shapes": [
    {
      "label": "box1",
      "points": [
        [
          352.7857142857143,
          100.5952380952381
        ],
        [
          334.92857142857144,
          189.88095238095238
        ],
        [
          466.4761904761905,
          217.85714285714286
        ],
        [
          491.4761904761905,
          136.9047619047619
        ]
      ],
      "group_id": null,
      "shape_type": "polygon",
      "flags": {}
    },
    {
      "label": "box2",
      "points": [
        [
          364.09523809523813,
          219.04761904761907
        ],
        [
          328.9761904761905,
          289.2857142857143
        ],
        [
          415.8809523809524,
          332.14285714285717
        ],
        [
          462.30952380952385,
          265.4761904761905
        ],
        [
          468.2619047619048,
          238.0952380952381
        ],
        [
          377.7857142857143,
          198.80952380952382
        ]
      ],
      "group_id": null,
      "shape_type": "polygon",
      "flags": {}
    }
  ],
  "imagePath": "img34_colorRevise.png",
  "imageData": null,
  "imageHeight": 576,
  "imageWidth": 640
}