{
  "version": "4.5.6",
  "flags": {},
  "shapes": [
    {
      "label": "box1",
      "points": [
        [
          281.3571428571429,
          41.07142857142857
        ],
        [
          286.7142857142857,
          154.76190476190476
        ],
        [
          289.09523809523813,
          165.47619047619048
        ],
        [
          308.73809523809524,
          166.07142857142858
        ],
        [
          309.92857142857144,
          158.92857142857144
        ],
        [
          369.45238095238096,
          157.14285714285714
        ],
        [
          362.30952380952385,
          37.5
        ]
      ],
      "group_id": null,
      "shape_type": "polygon",
      "flags": {}
    },
    {
      "label": "box2",
      "points": [
        [
          366.4761904761905,
          56.54761904761905
        ],
        [
          372.42857142857144,
          160.11904761904762
        ],
        [
          474.80952380952385,
          151.78571428571428
        ],
        [
          470.04761904761904,
          45.833333333333336
        ]
      ],
      "group_id": null,
      "shape_type": "polygon",
      "flags": {}
    },
    {
      "label": "box3",
      "points": [
        [
          245.64285714285717,
          173.80952380952382
        ],
        [
          257.54761904761904,
          293.45238095238096
        ],
        [
          319.45238095238096,
          286.9047619047619
        ],
        [
          310.5238095238095,
          169.04761904761907
        ]
      ],
      "group_id": null,
      "shape_type": "polygon",
      "flags": {}
    },
    {
      "label": "box4",
      "points": [
        [
          311.7142857142857,
          164.28571428571428
        ],
        [
          326.0,
          283.92857142857144
        ],
        [
          374.80952380952385,
          275.0
        ],
        [
          368.26190476190476,
          159.52380952380952
        ]
      ],
      "group_id": null,
      "shape_type": "polygon",
      "flags": {}
    },
    {
      "label": "box5",
      "points": [
        [
          367.6666666666667,
          166.07142857142858
        ],
        [
          375.4047619047619,
          267.26190476190476
        ],
        [
          428.3809523809524,
          265.4761904761905
        ],
        [
          424.2142857142857,
          161.30952380952382
        ]
      ],
      "group_id": null,
      "shape_type": "polygon",
      "flags": {}
    },
    {
      "label": "box6",
      "points": [
        [
          424.2142857142857,
          159.52380952380952
        ],
        [
          432.5476190476191,
          282.73809523809524
        ],
        [
          499.2142857142858,
          277.3809523809524
        ],
        [
          494.45238095238096,
          154.16666666666669
        ]
      ],
      "group_id": null,
      "shape_type": "polygon",
      "flags": {}
    }
  ],
  "imagePath": "img49_colorRevise.png",
  "imageData": null,
  "imageHeight": 576,
  "imageWidth": 640
}