{
  "version": "4.5.6",
  "flags": {},
  "shapes": [
    {
      "label": "box1",
      "points": [
        [
          285.5238095238095,
          55.952380952380956
        ],
        [
          293.26190476190476,
          173.80952380952382
        ],
        [
          372.42857142857144,
          169.04761904761907
        ],
        [
          367.0714285714286,
          51.19047619047619
        ]
      ],
      "group_id": null,
      "shape_type": "polygon",
      "flags": {}
    },
    {
      "label": "box3",
      "points": [
        [
          302.1904761904762,
          175.5952380952381
        ],
        [
          313.5,
          306.54761904761904
        ],
        [
          386.11904761904765,
          298.8095238095238
        ],
        [
          380.1666666666667,
          172.61904761904762
        ]
      ],
      "group_id": null,
      "shape_type": "polygon",
      "flags": {}
    },
    {
      "label": "box4",
      "points": [
        [
          378.9761904761905,
          172.61904761904762
        ],
        [
          387.30952380952385,
          277.3809523809524
        ],
        [
          441.4761904761905,
          270.23809523809524
        ],
        [
          436.11904761904765,
          172.02380952380952
        ]
      ],
      "group_id": null,
      "shape_type": "polygon",
      "flags": {}
    },
    {
      "label": "box2",
      "points": [
        [
          374.2142857142857,
          64.28571428571429
        ],
        [
          369.45238095238096,
          73.21428571428572
        ],
        [
          375.4047619047619,
          170.23809523809524
        ],
        [
          436.11904761904765,
          167.85714285714286
        ],
        [
          436.11904761904765,
          173.80952380952382
        ],
        [
          470.6428571428571,
          176.7857142857143
        ],
        [
          477.78571428571433,
          163.6904761904762
        ],
        [
          477.78571428571433,
          63.69047619047619
        ]
      ],
      "group_id": null,
      "shape_type": "polygon",
      "flags": {}
    }
  ],
  "imagePath": "img48_colorRevise.png",
  "imageData": null,
  "imageHeight": 576,
  "imageWidth": 640
}