{
  "version": "4.5.6",
  "flags": {},
  "shapes": [
    {
      "label": "box1",
      "points": [
        [
          278.9761904761905,
          105.95238095238096
        ],
        [
          259.33333333333337,
          212.5
        ],
        [
          261.7142857142857,
          222.61904761904762
        ],
        [
          332.54761904761904,
          238.0952380952381
        ],
        [
          337.30952380952385,
          234.52380952380952
        ],
        [
          360.5238095238095,
          126.78571428571429
        ],
        [
          356.3571428571429,
          122.61904761904762
        ]
      ],
      "group_id": null,
      "shape_type": "polygon",
      "flags": {}
    },
    {
      "label": "box2",
      "points": [
        [
          388.5,
          150.5952380952381
        ],
        [
          393.26190476190476,
          267.26190476190476
        ],
        [
          398.0238095238095,
          286.3095238095238
        ],
        [
          473.6190476190476,
          283.92857142857144
        ],
        [
          475.4047619047619,
          147.61904761904762
        ],
        [
          470.04761904761904,
          142.85714285714286
        ]
      ],
      "group_id": null,
      "shape_type": "polygon",
      "flags": {}
    },
    {
      "label": "box4",
      "points": [
        [
          374.2142857142857,
          223.80952380952382
        ],
        [
          391.4761904761905,
          272.61904761904765
        ],
        [
          299.8095238095238,
          305.95238095238096
        ],
        [
          277.7857142857143,
          256.54761904761904
        ]
      ],
      "group_id": null,
      "shape_type": "polygon",
      "flags": {}
    }
  ],
  "imagePath": "img47_colorRevise.png",
  "imageData": null,
  "imageHeight": 576,
  "imageWidth": 640
}