{
  "version": "4.5.6",
  "flags": {},
  "shapes": [
    {
      "label": "box1",
      "points": [
        [
          374.80952380952385,
          94.64285714285715
        ],
        [
          269.45238095238096,
          134.52380952380952
        ],
        [
          280.76190476190476,
          196.42857142857144
        ],
        [
          286.11904761904765,
          197.61904761904762
        ],
        [
          399.80952380952385,
          169.64285714285714
        ],
        [
          389.09523809523813,
          95.23809523809524
        ]
      ],
      "group_id": null,
      "shape_type": "polygon",
      "flags": {}
    },
    {
      "label": "box2",
      "points": [
        [
          422.42857142857144,
          149.4047619047619
        ],
        [
          353.3809523809524,
          270.83333333333337
        ],
        [
          419.45238095238096,
          308.33333333333337
        ],
        [
          492.07142857142856,
          193.45238095238096
        ]
      ],
      "group_id": null,
      "shape_type": "polygon",
      "flags": {}
    },
    {
      "label": "box3",
      "points": [
        [
          265.8809523809524,
          197.02380952380952
        ],
        [
          267.6666666666667,
          309.5238095238095
        ],
        [
          345.64285714285717,
          311.9047619047618
        ],
        [
          341.4761904761905,
          195.83333333333334
        ]
      ],
      "group_id": null,
      "shape_type": "polygon",
      "flags": {}
    }
  ],
  "imagePath": "img45_colorRevise.png",
  "imageData": null,
  "imageHeight": 576,
  "imageWidth": 640
}