{
  "version": "4.5.6",
  "flags": {},
  "shapes": [
    {
      "label": "box1",
      "points": [
        [
          389.6904761904762,
          138.0952380952381
        ],
        [
          293.26190476190476,
          231.54761904761907
        ],
        [
          337.9047619047619,
          286.9047619047619
        ],
        [
          442.07142857142856,
          192.85714285714286
        ]
      ],
      "group_id": null,
      "shape_type": "polygon",
      "flags": {}
    }
  ],
  "imagePath": "img44_colorRevise.png",
  "imageData": null,
  "imageHeight": 576,
  "imageWidth": 640
}