{
  "version": "4.5.6",
  "flags": {},
  "shapes": [
    {
      "label": "box1",
      "points": [
        [
          307.54761904761904,
          67.85714285714286
        ],
        [
          268.26190476190476,
          199.4047619047619
        ],
        [
          272.42857142857144,
          214.2857142857143
        ],
        [
          340.2857142857143,
          233.33333333333334
        ],
        [
          346.83333333333337,
          225.5952380952381
        ],
        [
          387.30952380952385,
          88.69047619047619
        ]
      ],
      "group_id": null,
      "shape_type": "polygon",
      "flags": {}
    },
    {
      "label": "box2",
      "points": [
        [
          376.59523809523813,
          167.85714285714286
        ],
        [
          361.11904761904765,
          268.45238095238096
        ],
        [
          458.1428571428571,
          282.14285714285717
        ],
        [
          483.7380952380953,
          188.0952380952381
        ],
        [
          471.83333333333337,
          177.97619047619048
        ]
      ],
      "group_id": null,
      "shape_type": "polygon",
      "flags": {}
    }
  ],
  "imagePath": "img41_colorRevise.png",
  "imageData": null,
  "imageHeight": 576,
  "imageWidth": 640
}