{
  "version": "4.5.6",
  "flags": {},
  "shapes": [
    {
      "label": "box1",
      "points": [
        [
          368.26190476190476,
          76.78571428571429
        ],
        [
          265.8809523809524,
          167.85714285714286
        ],
        [
          326.59523809523813,
          236.30952380952382
        ],
        [
          412.9047619047619,
          163.6904761904762
        ],
        [
          428.3809523809524,
          133.33333333333334
        ]
      ],
      "group_id": null,
      "shape_type": "polygon",
      "flags": {}
    },
    {
      "label": "box2",
      "points": [
        [
          429.5714285714286,
          138.0952380952381
        ],
        [
          372.42857142857144,
          258.92857142857144
        ],
        [
          432.5476190476191,
          288.6904761904762
        ],
        [
          491.4761904761905,
          166.66666666666669
        ]
      ],
      "group_id": null,
      "shape_type": "polygon",
      "flags": {}
    }
  ],
  "imagePath": "img42_colorRevise.png",
  "imageData": null,
  "imageHeight": 576,
  "imageWidth": 640
}