{
  "version": "4.5.6",
  "flags": {},
  "shapes": [
    {
      "label": "box1",
      "points": [
        [
          428.3809523809524,
          47.023809523809526
        ],
        [
          327.1904761904762,
          127.97619047619048
        ],
        [
          320.64285714285717,
          144.64285714285714
        ],
        [
          360.5238095238095,
          206.54761904761907
        ],
        [
          368.26190476190476,
          208.33333333333334
        ],
        [
          381.3571428571429,
          197.61904761904762
        ],
        [
          478.9761904761905,
          118.45238095238096
        ]
      ],
      "group_id": null,
      "shape_type": "polygon",
      "flags": {}
    },
    {
      "label": "box2",
      "points": [
        [
          427.7857142857143,
          164.28571428571428
        ],
        [
          423.0238095238095,
          175.0
        ],
        [
          378.9761904761905,
          263.6904761904762
        ],
        [
          460.5238095238095,
          301.1904761904762
        ],
        [
          511.1190476190476,
          211.90476190476193
        ],
        [
          506.95238095238096,
          197.02380952380952
        ]
      ],
      "group_id": null,
      "shape_type": "polygon",
      "flags": {}
    },
    {
      "label": "box3",
      "points": [
        [
          323.61904761904765,
          188.6904761904762
        ],
        [
          284.33333333333337,
          284.5238095238095
        ],
        [
          284.33333333333337,
          289.2857142857143
        ],
        [
          350.4047619047619,
          317.26190476190476
        ],
        [
          354.5714285714286,
          305.95238095238096
        ],
        [
          397.42857142857144,
          220.23809523809524
        ]
      ],
      "group_id": null,
      "shape_type": "polygon",
      "flags": {}
    }
  ],
  "imagePath": "img40_colorRevise.png",
  "imageData": null,
  "imageHeight": 576,
  "imageWidth": 640
}