{
  "version": "4.5.6",
  "flags": {},
  "shapes": [
    {
      "label": "box1",
      "points": [
        [
          393.26190476190476,
          98.80952380952381
        ],
        [
          342.6666666666667,
          147.02380952380952
        ],
        [
          428.3809523809524,
          250.5952380952381
        ],
        [
          483.1428571428571,
          203.57142857142858
        ]
      ],
      "group_id": null,
      "shape_type": "polygon",
      "flags": {}
    }
  ],
  "imagePath": "img43_colorRevise.png",
  "imageData": null,
  "imageHeight": 576,
  "imageWidth": 640
}