{
  "version": "4.5.6",
  "flags": {},
  "shapes": [
    {
      "label": "box1",
      "points": [
        [
          316.4761904761905,
          49.404761904761905
        ],
        [
          261.7142857142857,
          151.78571428571428
        ],
        [
          261.11904761904765,
          166.66666666666669
        ],
        [
          310.5238095238095,
          195.23809523809524
        ],
        [
          334.92857142857144,
          154.16666666666669
        ],
        [
          365.2857142857143,
          79.16666666666667
        ]
      ],
      "group_id": null,
      "shape_type": "polygon",
      "flags": {}
    },
    {
      "label": "box2",
      "points": [
        [
          379.5714285714286,
          52.97619047619048
        ],
        [
          329.5714285714286,
          180.35714285714286
        ],
        [
          327.1904761904762,
          188.6904761904762
        ],
        [
          374.80952380952385,
          210.11904761904762
        ],
        [
          384.33333333333337,
          204.16666666666669
        ],
        [
          439.0952380952381,
          80.35714285714286
        ]
      ],
      "group_id": null,
      "shape_type": "polygon",
      "flags": {}
    },
    {
      "label": "box3",
      "points": [
        [
          448.6190476190476,
          163.6904761904762
        ],
        [
          423.61904761904765,
          270.83333333333337
        ],
        [
          431.95238095238096,
          275.0
        ],
        [
          486.7142857142858,
          284.5238095238095
        ],
        [
          506.95238095238096,
          173.80952380952382
        ]
      ],
      "group_id": null,
      "shape_type": "polygon",
      "flags": {}
    }
  ],
  "imagePath": "img59_colorRevise.png",
  "imageData": null,
  "imageHeight": 576,
  "imageWidth": 640
}