{
  "version": "4.5.6",
  "flags": {},
  "shapes": [
    {
      "label": "box1",
      "points": [
        [
          299.2142857142857,
          113.0952380952381
        ],
        [
          346.83333333333337,
          242.26190476190476
        ],
        [
          412.30952380952385,
          218.45238095238096
        ],
        [
          370.04761904761904,
          83.92857142857143
        ]
      ],
      "group_id": null,
      "shape_type": "polygon",
      "flags": {}
    },
    {
      "label": "box2",
      "points": [
        [
          370.04761904761904,
          60.714285714285715
        ],
        [
          371.23809523809524,
          85.11904761904762
        ],
        [
          439.69047619047626,
          182.73809523809524
        ],
        [
          449.2142857142858,
          170.83333333333334
        ],
        [
          474.2142857142858,
          157.73809523809524
        ],
        [
          486.1190476190476,
          141.07142857142858
        ],
        [
          407.5476190476191,
          31.547619047619047
        ]
      ],
      "group_id": null,
      "shape_type": "polygon",
      "flags": {}
    },
    {
      "label": "box3",
      "points": [
        [
          341.4761904761905,
          245.83333333333334
        ],
        [
          356.95238095238096,
          286.9047619047619
        ],
        [
          479.57142857142856,
          242.26190476190476
        ],
        [
          468.8571428571429,
          200.0
        ]
      ],
      "group_id": null,
      "shape_type": "polygon",
      "flags": {}
    }
  ],
  "imagePath": "img51_colorRevise.png",
  "imageData": null,
  "imageHeight": 576,
  "imageWidth": 640
}