{
  "version": "4.5.6",
  "flags": {},
  "shapes": [
    {
      "label": "box1",
      "points": [
        [
          318.8571428571429,
          51.19047619047619
        ],
        [
          274.8095238095238,
          160.71428571428572
        ],
        [
          278.3809523809524,
          175.5952380952381
        ],
        [
          320.64285714285717,
          200.0
        ],
        [
          337.30952380952385,
          176.1904761904762
        ],
        [
          332.54761904761904,
          158.92857142857144
        ],
        [
          353.3809523809524,
          131.54761904761907
        ],
        [
          368.26190476190476,
          101.78571428571429
        ],
        [
          366.4761904761905,
          71.42857142857143
        ]
      ],
      "group_id": null,
      "shape_type": "polygon",
      "flags": {}
    },
    {
      "label": "box2",
      "points": [
        [
          399.2142857142857,
          93.45238095238095
        ],
        [
          335.5238095238095,
          157.73809523809524
        ],
        [
          441.4761904761905,
          259.5238095238095
        ],
        [
          487.9047619047619,
          202.38095238095238
        ]
      ],
      "group_id": null,
      "shape_type": "polygon",
      "flags": {}
    }
  ],
  "imagePath": "img57_colorRevise.png",
  "imageData": null,
  "imageHeight": 576,
  "imageWidth": 640
}