{
  "version": "4.5.6",
  "flags": {},
  "shapes": [
    {
      "label": "box1",
      "points": [
        [
          317.0714285714286,
          136.30952380952382
        ],
        [
          333.14285714285717,
          194.04761904761907
        ],
        [
          351.59523809523813,
          188.0952380952381
        ],
        [
          466.4761904761905,
          143.45238095238096
        ],
        [
          451.0,
          84.52380952380953
        ],
        [
          332.54761904761904,
          128.57142857142858
        ]
      ],
      "group_id": null,
      "shape_type": "polygon",
      "flags": {}
    },
    {
      "label": "box2",
      "points": [
        [
          339.6904761904762,
          193.45238095238096
        ],
        [
          299.2142857142857,
          280.95238095238096
        ],
        [
          351.0,
          310.11904761904765
        ],
        [
          401.59523809523813,
          220.83333333333334
        ],
        [
          405.1666666666667,
          212.5
        ],
        [
          353.9761904761905,
          187.5
        ]
      ],
      "group_id": null,
      "shape_type": "polygon",
      "flags": {}
    },
    {
      "label": "box3",
      "points": [
        [
          427.7857142857143,
          165.47619047619048
        ],
        [
          414.09523809523813,
          191.66666666666669
        ],
        [
          413.5,
          270.23809523809524
        ],
        [
          420.0476190476191,
          274.4047619047619
        ],
        [
          477.19047619047626,
          278.57142857142856
        ],
        [
          483.7380952380953,
          162.5
        ]
      ],
      "group_id": null,
      "shape_type": "polygon",
      "flags": {}
    }
  ],
  "imagePath": "img56_colorRevise.png",
  "imageData": null,
  "imageHeight": 576,
  "imageWidth": 640
}