{
  "version": "4.5.6",
  "flags": {},
  "shapes": [
    {
      "label": "box4",
      "points": [
        [
          430.76190476190476,
          33.92857142857143
        ],
        [
          322.42857142857144,
          111.30952380952381
        ],
        [
          315.8809523809524,
          118.45238095238096
        ],
        [
          351.59523809523813,
          177.97619047619048
        ],
        [
          361.7142857142857,
          173.21428571428572
        ],
        [
          468.8571428571429,
          101.19047619047619
        ]
      ],
      "group_id": null,
      "shape_type": "polygon",
      "flags": {}
    },
    {
      "label": "box1",
      "points": [
        [
          452.19047619047626,
          126.78571428571429
        ],
        [
          342.6666666666667,
          198.21428571428572
        ],
        [
          340.2857142857143,
          205.35714285714286
        ],
        [
          365.8809523809524,
          245.23809523809524
        ],
        [
          476.5952380952381,
          179.76190476190476
        ]
      ],
      "group_id": null,
      "shape_type": "polygon",
      "flags": {}
    }
  ],
  "imagePath": "img52_colorRevise.png",
  "imageData": null,
  "imageHeight": 576,
  "imageWidth": 640
}