{
  "version": "4.5.6",
  "flags": {},
  "shapes": [
    {
      "label": "box1",
      "points": [
        [
          317.0714285714286,
          48.80952380952381
        ],
        [
          270.64285714285717,
          159.52380952380952
        ],
        [
          280.76190476190476,
          182.14285714285714
        ],
        [
          321.83333333333337,
          200.0
        ],
        [
          365.8809523809524,
          100.5952380952381
        ],
        [
          366.4761904761905,
          74.40476190476191
        ]
      ],
      "group_id": null,
      "shape_type": "polygon",
      "flags": {}
    },
    {
      "label": "box2",
      "points": [
        [
          407.5476190476191,
          42.261904761904766
        ],
        [
          349.80952380952385,
          169.04761904761907
        ],
        [
          393.26190476190476,
          194.04761904761907
        ],
        [
          454.57142857142856,
          59.523809523809526
        ]
      ],
      "group_id": null,
      "shape_type": "polygon",
      "flags": {}
    },
    {
      "label": "box3",
      "points": [
        [
          343.8571428571429,
          166.66666666666669
        ],
        [
          320.64285714285717,
          238.6904761904762
        ],
        [
          376.59523809523813,
          263.6904761904762
        ],
        [
          400.4047619047619,
          227.38095238095238
        ],
        [
          414.6904761904762,
          198.80952380952382
        ]
      ],
      "group_id": null,
      "shape_type": "polygon",
      "flags": {}
    },
    {
      "label": "box4",
      "points": [
        [
          469.45238095238096,
          136.9047619047619
        ],
        [
          414.6904761904762,
          240.47619047619048
        ],
        [
          459.33333333333337,
          266.07142857142856
        ],
        [
          470.6428571428571,
          261.3095238095238
        ],
        [
          522.4285714285714,
          162.5
        ]
      ],
      "group_id": null,
      "shape_type": "polygon",
      "flags": {}
    }
  ],
  "imagePath": "img58_colorRevise.png",
  "imageData": null,
  "imageHeight": 576,
  "imageWidth": 640
}