{
  "version": "4.5.6",
  "flags": {},
  "shapes": [
    {
      "label": "box1",
      "points": [
        [
          277.1904761904762,
          30.952380952380953
        ],
        [
          276.59523809523813,
          151.78571428571428
        ],
        [
          281.3571428571429,
          161.9047619047619
        ],
        [
          351.59523809523813,
          160.11904761904762
        ],
        [
          355.76190476190476,
          151.78571428571428
        ],
        [
          362.30952380952385,
          31.547619047619047
        ]
      ],
      "group_id": null,
      "shape_type": "polygon",
      "flags": {}
    },
    {
      "label": "box2",
      "points": [
        [
          362.30952380952385,
          55.952380952380956
        ],
        [
          372.42857142857144,
          152.97619047619048
        ],
        [
          434.33333333333337,
          150.0
        ],
        [
          432.5476190476191,
          144.64285714285714
        ],
        [
          474.2142857142858,
          143.45238095238096
        ],
        [
          468.8571428571429,
          44.04761904761905
        ]
      ],
      "group_id": null,
      "shape_type": "polygon",
      "flags": {}
    },
    {
      "label": "box3",
      "points": [
        [
          293.26190476190476,
          160.11904761904762
        ],
        [
          229.57142857142856,
          257.73809523809524
        ],
        [
          264.09523809523813,
          283.33333333333337
        ],
        [
          332.54761904761904,
          185.71428571428572
        ]
      ],
      "group_id": null,
      "shape_type": "polygon",
      "flags": {}
    },
    {
      "label": "box4",
      "points": [
        [
          356.95238095238096,
          154.16666666666669
        ],
        [
          293.26190476190476,
          250.5952380952381
        ],
        [
          330.1666666666667,
          291.6666666666667
        ],
        [
          344.45238095238096,
          292.8571428571429
        ],
        [
          416.4761904761905,
          201.7857142857143
        ],
        [
          371.83333333333337,
          152.97619047619048
        ]
      ],
      "group_id": null,
      "shape_type": "polygon",
      "flags": {}
    },
    {
      "label": "box5",
      "points": [
        [
          430.76190476190476,
          142.26190476190476
        ],
        [
          421.83333333333337,
          279.1666666666667
        ],
        [
          432.5476190476191,
          283.33333333333337
        ],
        [
          477.19047619047626,
          280.3571428571429
        ],
        [
          476.5952380952381,
          144.04761904761907
        ]
      ],
      "group_id": null,
      "shape_type": "polygon",
      "flags": {}
    }
  ],
  "imagePath": "img50_colorRevise.png",
  "imageData": null,
  "imageHeight": 576,
  "imageWidth": 640
}