{
  "version": "4.5.6",
  "flags": {},
  "shapes": [
    {
      "label": "box1",
      "points": [
        [
          248.42857142857144,
          214.85714285714286
        ],
        [
          333.57142857142856,
          308.0
        ],
        [
          346.14285714285717,
          310.2857142857143
        ],
        [
          415.28571428571433,
          246.85714285714286
        ],
        [
          315.85714285714283,
          150.85714285714286
        ]
      ],
      "group_id": null,
      "shape_type": "polygon",
      "flags": {}
    },
    {
      "label": "box2",
      "points": [
        [
          377.57142857142856,
          139.42857142857142
        ],
        [
          365.57142857142856,
          160.0
        ],
        [
          359.2857142857143,
          192.57142857142858
        ],
        [
          366.7142857142857,
          201.14285714285714
        ],
        [
          410.71428571428567,
          212.0
        ],
        [
          422.1428571428571,
          152.57142857142858
        ]
      ],
      "group_id": null,
      "shape_type": "polygon",
      "flags": {}
    }
  ],
  "imagePath": "img61_colorRevise.png",
  "imageData": null,
  "imageHeight": 576,
  "imageWidth": 640
}