{
  "version": "4.5.6",
  "flags": {},
  "shapes": [
    {
      "label": "box1",
      "points": [
        [
          273.57142857142856,
          220.57142857142858
        ],
        [
          263.2857142857143,
          292.0
        ],
        [
          381.57142857142856,
          313.7142857142857
        ],
        [
          396.42857142857144,
          255.42857142857142
        ],
        [
          362.14285714285717,
          235.42857142857142
        ]
      ],
      "group_id": null,
      "shape_type": "polygon",
      "flags": {}
    },
    {
      "label": "box2",
      "points": [
        [
          327.85714285714283,
          219.42857142857142
        ],
        [
          422.1428571428571,
          268.0
        ],
        [
          434.1428571428571,
          260.57142857142856
        ],
        [
          479.8571428571429,
          170.28571428571428
        ],
        [
          382.1428571428571,
          120.0
        ],
        [
          369.0,
          121.14285714285714
        ]
      ],
      "group_id": null,
      "shape_type": "polygon",
      "flags": {}
    },
    {
      "label": "box3",
      "points": [
        [
          260.42857142857144,
          188.57142857142858
        ],
        [
          324.42857142857144,
          221.71428571428572
        ],
        [
          374.14285714285717,
          102.85714285714286
        ],
        [
          306.14285714285717,
          70.28571428571429
        ]
      ],
      "group_id": null,
      "shape_type": "polygon",
      "flags": {}
    },
    {
      "label": "box4",
      "points": [
        [
          379.2857142857143,
          80.0
        ],
        [
          421.57142857142856,
          140.57142857142858
        ],
        [
          463.28571428571433,
          162.28571428571428
        ],
        [
          507.8571428571429,
          129.14285714285714
        ],
        [
          442.71428571428567,
          31.428571428571427
        ]
      ],
      "group_id": null,
      "shape_type": "polygon",
      "flags": {}
    }
  ],
  "imagePath": "img67_colorRevise.png",
  "imageData": null,
  "imageHeight": 576,
  "imageWidth": 640
}