{
  "version": "4.5.6",
  "flags": {},
  "shapes": [
    {
      "label": "box1",
      "points": [
        [
          343.2857142857143,
          13.142857142857142
        ],
        [
          435.8571428571429,
          36.0
        ],
        [
          389.0,
          197.71428571428572
        ],
        [
          307.85714285714283,
          176.57142857142858
        ]
      ],
      "group_id": null,
      "shape_type": "polygon",
      "flags": {}
    },
    {
      "label": "box2",
      "points": [
        [
          423.8571428571429,
          84.57142857142857
        ],
        [
          482.71428571428567,
          84.57142857142857
        ],
        [
          482.71428571428567,
          208.57142857142858
        ],
        [
          478.1428571428571,
          216.0
        ],
        [
          414.71428571428567,
          213.71428571428572
        ],
        [
          414.71428571428567,
          109.14285714285714
        ]
      ],
      "group_id": null,
      "shape_type": "polygon",
      "flags": {}
    }
  ],
  "imagePath": "img65_colorRevise.png",
  "imageData": null,
  "imageHeight": 576,
  "imageWidth": 640
}