{
  "version": "4.5.6",
  "flags": {},
  "shapes": [
    {
      "label": "box1",
      "points": [
        [
          293.0,
          222.85714285714286
        ],
        [
          288.42857142857144,
          274.2857142857143
        ],
        [
          404.42857142857144,
          298.2857142857143
        ],
        [
          421.57142857142856,
          251.42857142857142
        ],
        [
          426.71428571428567,
          222.28571428571428
        ],
        [
          300.42857142857144,
          194.28571428571428
        ]
      ],
      "group_id": null,
      "shape_type": "polygon",
      "flags": {}
    },
    {
      "label": "box2",
      "points": [
        [
          354.7142857142857,
          178.85714285714286
        ],
        [
          460.42857142857144,
          195.42857142857142
        ],
        [
          471.28571428571433,
          189.14285714285714
        ],
        [
          484.42857142857144,
          125.71428571428571
        ],
        [
          373.0,
          107.42857142857143
        ],
        [
          360.42857142857144,
          120.0
        ]
      ],
      "group_id": null,
      "shape_type": "polygon",
      "flags": {}
    },
    {
      "label": "box3",
      "points": [
        [
          335.85714285714283,
          40.0
        ],
        [
          326.14285714285717,
          68.0
        ],
        [
          358.7142857142857,
          116.0
        ],
        [
          459.8571428571429,
          60.57142857142857
        ],
        [
          474.71428571428567,
          27.428571428571427
        ],
        [
          457.0,
          0.5714285714285714
        ],
        [
          399.28571428571433,
          0.0
        ]
      ],
      "group_id": null,
      "shape_type": "polygon",
      "flags": {}
    }
  ],
  "imagePath": "img66_colorRevise.png",
  "imageData": null,
  "imageHeight": 576,
  "imageWidth": 640
}