{
  "version": "4.5.6",
  "flags": {},
  "shapes": [
    {
      "label": "box1",
      "points": [
        [
          380.42857142857144,
          252.0
        ],
        [
          489.57142857142856,
          269.14285714285717
        ],
        [
          509.57142857142856,
          178.85714285714286
        ],
        [
          394.1428571428571,
          158.28571428571428
        ],
        [
          376.42857142857144,
          165.71428571428572
        ],
        [
          363.2857142857143,
          246.28571428571428
        ]
      ],
      "group_id": null,
      "shape_type": "polygon",
      "flags": {}
    },
    {
      "label": "box2",
      "points": [
        [
          396.42857142857144,
          83.42857142857143
        ],
        [
          443.28571428571433,
          90.85714285714286
        ],
        [
          434.1428571428571,
          151.42857142857142
        ],
        [
          427.28571428571433,
          163.42857142857142
        ],
        [
          378.7142857142857,
          157.14285714285714
        ],
        [
          386.71428571428567,
          93.71428571428571
        ]
      ],
      "group_id": null,
      "shape_type": "polygon",
      "flags": {}
    },
    {
      "label": "box3",
      "points": [
        [
          271.85714285714283,
          186.28571428571428
        ],
        [
          371.85714285714283,
          198.85714285714286
        ],
        [
          386.1428571428571,
          77.71428571428571
        ],
        [
          279.85714285714283,
          65.14285714285714
        ]
      ],
      "group_id": null,
      "shape_type": "polygon",
      "flags": {}
    }
  ],
  "imagePath": "img64_colorRevise.png",
  "imageData": null,
  "imageHeight": 576,
  "imageWidth": 640
}