{
  "version": "4.5.6",
  "flags": {},
  "shapes": [
    {
      "label": "box1",
      "points": [
        [
          339.85714285714283,
          86.28571428571429
        ],
        [
          342.7142857142857,
          207.42857142857142
        ],
        [
          359.2857142857143,
          214.85714285714286
        ],
        [
          414.71428571428567,
          211.42857142857142
        ],
        [
          414.1428571428571,
          82.85714285714286
        ],
        [
          359.85714285714283,
          84.0
        ]
      ],
      "group_id": null,
      "shape_type": "polygon",
      "flags": {}
    },
    {
      "label": "box2",
      "points": [
        [
          422.1428571428571,
          157.14285714285714
        ],
        [
          414.71428571428567,
          175.42857142857142
        ],
        [
          474.1428571428571,
          249.71428571428572
        ],
        [
          497.0,
          250.28571428571428
        ],
        [
          529.0,
          212.0
        ],
        [
          463.28571428571433,
          112.57142857142857
        ],
        [
          441.57142857142856,
          118.85714285714286
        ],
        [
          415.28571428571433,
          142.85714285714286
        ]
      ],
      "group_id": null,
      "shape_type": "polygon",
      "flags": {}
    }
  ],
  "imagePath": "img60_colorRevise.png",
  "imageData": null,
  "imageHeight": 576,
  "imageWidth": 640
}