{
  "version": "4.5.6",
  "flags": {},
  "shapes": [
    {
      "label": "box1",
      "points": [
        [
          239.28571428571428,
          206.85714285714286
        ],
        [
          249.0,
          225.14285714285714
        ],
        [
          338.7142857142857,
          304.57142857142856
        ],
        [
          400.42857142857144,
          242.28571428571428
        ],
        [
          398.71428571428567,
          221.71428571428572
        ],
        [
          305.0,
          139.42857142857142
        ]
      ],
      "group_id": null,
      "shape_type": "polygon",
      "flags": {}
    },
    {
      "label": "box2",
      "points": [
        [
          367.85714285714283,
          146.28571428571428
        ],
        [
          382.1428571428571,
          134.28571428571428
        ],
        [
          453.0,
          97.71428571428571
        ],
        [
          502.1428571428571,
          233.14285714285714
        ],
        [
          439.28571428571433,
          267.42857142857144
        ],
        [
          406.71428571428567,
          248.57142857142858
        ]
      ],
      "group_id": null,
      "shape_type": "polygon",
      "flags": {}
    }
  ],
  "imagePath": "img62_colorRevise.png",
  "imageData": null,
  "imageHeight": 576,
  "imageWidth": 640
}