{
  "version": "4.5.6",
  "flags": {},
  "shapes": [
    {
      "label": "box1",
      "points": [
        [
          366.14285714285717,
          150.28571428571428
        ],
        [
          423.28571428571433,
          125.71428571428571
        ],
        [
          435.28571428571433,
          130.85714285714286
        ],
        [
          470.71428571428567,
          252.0
        ],
        [
          423.8571428571429,
          273.7142857142857
        ],
        [
          405.57142857142856,
          255.42857142857142
        ]
      ],
      "group_id": null,
      "shape_type": "polygon",
      "flags": {}
    },
    {
      "label": "box2",
      "points": [
        [
          183.85714285714283,
          216.57142857142858
        ],
        [
          215.85714285714283,
          313.7142857142857
        ],
        [
          273.0,
          297.14285714285717
        ],
        [
          298.14285714285717,
          269.7142857142857
        ],
        [
          302.14285714285717,
          264.0
        ],
        [
          281.0,
          193.14285714285714
        ],
        [
          271.85714285714283,
          188.0
        ]
      ],
      "group_id": null,
      "shape_type": "polygon",
      "flags": {}
    },
    {
      "label": "box3",
      "points": [
        [
          351.85714285714283,
          365.7142857142857
        ],
        [
          427.28571428571433,
          281.14285714285717
        ],
        [
          349.0,
          209.71428571428572
        ],
        [
          271.85714285714283,
          301.14285714285717
        ]
      ],
      "group_id": null,
      "shape_type": "polygon",
      "flags": {}
    }
  ],
  "imagePath": "img74_colorRevise.png",
  "imageData": null,
  "imageHeight": 576,
  "imageWidth": 640
}