{
  "version": "4.5.6",
  "flags": {},
  "shapes": [
    {
      "label": "box1",
      "points": [
        [
          305.57142857142856,
          136.0
        ],
        [
          362.7142857142857,
          118.85714285714286
        ],
        [
          370.7142857142857,
          137.14285714285714
        ],
        [
          393.0,
          250.28571428571428
        ],
        [
          345.0,
          265.7142857142857
        ],
        [
          311.85714285714283,
          154.28571428571428
        ]
      ],
      "group_id": null,
      "shape_type": "polygon",
      "flags": {}
    },
    {
      "label": "box2",
      "points": [
        [
          393.57142857142856,
          177.71428571428572
        ],
        [
          474.1428571428571,
          259.42857142857144
        ],
        [
          557.0,
          182.85714285714286
        ],
        [
          475.8571428571429,
          85.14285714285714
        ],
        [
          452.42857142857144,
          85.14285714285714
        ],
        [
          378.14285714285717,
          163.42857142857142
        ]
      ],
      "group_id": null,
      "shape_type": "polygon",
      "flags": {}
    },
    {
      "label": "box3",
      "points": [
        [
          364.42857142857144,
          328.0
        ],
        [
          482.1428571428571,
          309.14285714285717
        ],
        [
          476.42857142857144,
          261.14285714285717
        ],
        [
          451.8571428571429,
          238.85714285714286
        ],
        [
          395.8571428571429,
          248.57142857142858
        ],
        [
          352.42857142857144,
          264.0
        ]
      ],
      "group_id": null,
      "shape_type": "polygon",
      "flags": {}
    },
    {
      "label": "box4",
      "points": [
        [
          276.42857142857144,
          352.57142857142856
        ],
        [
          356.42857142857144,
          308.0
        ],
        [
          308.42857142857144,
          221.14285714285714
        ],
        [
          228.42857142857144,
          266.2857142857143
        ]
      ],
      "group_id": null,
      "shape_type": "polygon",
      "flags": {}
    }
  ],
  "imagePath": "img75_colorRevise.png",
  "imageData": null,
  "imageHeight": 576,
  "imageWidth": 640
}