{
  "version": "4.5.6",
  "flags": {},
  "shapes": [
    {
      "label": "box1",
      "points": [
        [
          54.14285714285714,
          450.85714285714283
        ],
        [
          126.14285714285717,
          508.0
        ],
        [
          176.42857142857144,
          449.14285714285717
        ],
        [
          193.57142857142856,
          434.2857142857143
        ],
        [
          126.71428571428572,
          378.2857142857143
        ],
        [
          105.57142857142858,
          389.7142857142857
        ]
      ],
      "group_id": null,
      "shape_type": "polygon",
      "flags": {}
    },
    {
      "label": "box2",
      "points": [
        [
          320.42857142857144,
          292.0
        ],
        [
          458.1428571428571,
          331.42857142857144
        ],
        [
          485.57142857142856,
          245.14285714285714
        ],
        [
          345.0,
          210.85714285714286
        ]
      ],
      "group_id": null,
      "shape_type": "polygon",
      "flags": {}
    },
    {
      "label": "box3",
      "points": [
        [
          227.85714285714283,
          176.57142857142858
        ],
        [
          259.85714285714283,
          153.14285714285714
        ],
        [
          288.42857142857144,
          149.71428571428572
        ],
        [
          333.0,
          252.0
        ],
        [
          310.14285714285717,
          266.2857142857143
        ],
        [
          278.7142857142857,
          282.85714285714283
        ]
      ],
      "group_id": null,
      "shape_type": "polygon",
      "flags": {}
    },
    {
      "label": "box4",
      "points": [
        [
          317.0,
          174.85714285714286
        ],
        [
          335.85714285714283,
          181.71428571428572
        ],
        [
          448.42857142857144,
          155.42857142857142
        ],
        [
          451.28571428571433,
          144.57142857142858
        ],
        [
          425.0,
          0.5714285714285714
        ],
        [
          286.14285714285717,
          44.0
        ]
      ],
      "group_id": null,
      "shape_type": "polygon",
      "flags": {}
    },
    {
      "label": "box5",
      "points": [
        [
          385.0,
          218.85714285714286
        ],
        [
          422.1428571428571,
          228.57142857142858
        ],
        [
          473.0,
          226.85714285714286
        ],
        [
          483.28571428571433,
          222.28571428571428
        ],
        [
          485.0,
          166.85714285714286
        ],
        [
          386.1428571428571,
          168.57142857142858
        ],
        [
          382.1428571428571,
          172.0
        ]
      ],
      "group_id": null,
      "shape_type": "polygon",
      "flags": {}
    }
  ],
  "imagePath": "img79_colorRevise.png",
  "imageData": null,
  "imageHeight": 576,
  "imageWidth": 640
}