{
  "version": "4.5.6",
  "flags": {},
  "shapes": [
    {
      "label": "box1",
      "points": [
        [
          275.85714285714283,
          360.57142857142856
        ],
        [
          324.42857142857144,
          409.7142857142857
        ],
        [
          412.42857142857144,
          329.14285714285717
        ],
        [
          363.2857142857143,
          276.57142857142856
        ]
      ],
      "group_id": null,
      "shape_type": "polygon",
      "flags": {}
    },
    {
      "label": "box2",
      "points": [
        [
          391.28571428571433,
          282.2857142857143
        ],
        [
          405.0,
          285.14285714285717
        ],
        [
          504.42857142857144,
          290.85714285714283
        ],
        [
          511.28571428571433,
          196.0
        ],
        [
          409.0,
          195.42857142857142
        ],
        [
          398.1428571428571,
          204.0
        ]
      ],
      "group_id": null,
      "shape_type": "polygon",
      "flags": {}
    },
    {
      "label": "box3",
      "points": [
        [
          242.14285714285717,
          315.42857142857144
        ],
        [
          321.57142857142856,
          286.2857142857143
        ],
        [
          338.14285714285717,
          279.42857142857144
        ],
        [
          304.42857142857144,
          184.57142857142858
        ],
        [
          285.0,
          183.42857142857142
        ],
        [
          203.85714285714283,
          218.85714285714286
        ]
      ],
      "group_id": null,
      "shape_type": "polygon",
      "flags": {}
    },
    {
      "label": "box4",
      "points": [
        [
          347.85714285714283,
          133.71428571428572
        ],
        [
          333.57142857142856,
          143.42857142857142
        ],
        [
          346.7142857142857,
          204.57142857142858
        ],
        [
          359.85714285714283,
          202.28571428571428
        ],
        [
          470.71428571428567,
          176.57142857142858
        ],
        [
          458.71428571428567,
          113.14285714285714
        ]
      ],
      "group_id": null,
      "shape_type": "polygon",
      "flags": {}
    },
    {
      "label": "box5",
      "points": [
        [
          277.57142857142856,
          89.14285714285714
        ],
        [
          286.14285714285717,
          35.42857142857143
        ],
        [
          403.8571428571429,
          54.857142857142854
        ],
        [
          397.0,
          103.42857142857143
        ],
        [
          329.57142857142856,
          99.42857142857143
        ],
        [
          282.7142857142857,
          98.28571428571429
        ]
      ],
      "group_id": null,
      "shape_type": "polygon",
      "flags": {}
    }
  ],
  "imagePath": "img72_colorRevise.png",
  "imageData": null,
  "imageHeight": 576,
  "imageWidth": 640
}