{
  "version": "4.5.6",
  "flags": {},
  "shapes": [
    {
      "label": "box1",
      "points": [
        [
          309.0,
          220.0
        ],
        [
          358.7142857142857,
          308.0
        ],
        [
          278.14285714285717,
          353.14285714285717
        ],
        [
          227.85714285714283,
          266.85714285714283
        ]
      ],
      "group_id": null,
      "shape_type": "polygon",
      "flags": {}
    },
    {
      "label": "box2",
      "points": [
        [
          362.7142857142857,
          329.7142857142857
        ],
        [
          481.57142857142856,
          309.7142857142857
        ],
        [
          475.28571428571433,
          262.2857142857143
        ],
        [
          470.1428571428571,
          265.7142857142857
        ],
        [
          446.71428571428567,
          240.57142857142858
        ],
        [
          395.28571428571433,
          249.71428571428572
        ],
        [
          395.28571428571433,
          252.57142857142858
        ],
        [
          351.85714285714283,
          267.42857142857144
        ]
      ],
      "group_id": null,
      "shape_type": "polygon",
      "flags": {}
    },
    {
      "label": "box3",
      "points": [
        [
          309.0,
          141.71428571428572
        ],
        [
          347.2857142857143,
          269.14285714285717
        ],
        [
          396.42857142857144,
          251.42857142857142
        ],
        [
          374.7142857142857,
          140.0
        ],
        [
          368.42857142857144,
          123.42857142857143
        ]
      ],
      "group_id": null,
      "shape_type": "polygon",
      "flags": {}
    },
    {
      "label": "box4",
      "points": [
        [
          383.28571428571433,
          155.42857142857142
        ],
        [
          396.42857142857144,
          172.57142857142858
        ],
        [
          469.0,
          261.7142857142857
        ],
        [
          555.2857142857143,
          190.85714285714286
        ],
        [
          483.28571428571433,
          88.57142857142857
        ],
        [
          463.28571428571433,
          81.14285714285714
        ]
      ],
      "group_id": null,
      "shape_type": "polygon",
      "flags": {}
    }
  ],
  "imagePath": "img76_colorRevise.png",
  "imageData": null,
  "imageHeight": 576,
  "imageWidth": 640
}