{
  "version": "4.5.6",
  "flags": {},
  "shapes": [
    {
      "label": "box1",
      "points": [
        [
          277.1904761904762,
          51.785714285714285
        ],
        [
          295.64285714285717,
          210.71428571428572
        ],
        [
          377.7857142857143,
          206.54761904761907
        ],
        [
          366.4761904761905,
          45.833333333333336
        ]
      ],
      "group_id": null,
      "shape_type": "polygon",
      "flags": {}
    },
    {
      "label": "box2",
      "points": [
        [
          506.95238095238096,
          83.33333333333334
        ],
        [
          470.04761904761904,
          87.5
        ],
        [
          380.1666666666667,
          163.0952380952381
        ],
        [
          449.2142857142858,
          255.95238095238096
        ],
        [
          559.9285714285714,
          184.52380952380952
        ]
      ],
      "group_id": null,
      "shape_type": "polygon",
      "flags": {}
    },
    {
      "label": "box3",
      "points": [
        [
          269.45238095238096,
          154.76190476190476
        ],
        [
          231.95238095238096,
          169.64285714285714
        ],
        [
          261.11904761904765,
          281.54761904761904
        ],
        [
          303.9761904761905,
          271.42857142857144
        ],
        [
          322.42857142857144,
          266.07142857142856
        ],
        [
          309.33333333333337,
          208.33333333333334
        ],
        [
          295.64285714285717,
          208.92857142857144
        ],
        [
          289.09523809523813,
          154.16666666666669
        ]
      ],
      "group_id": null,
      "shape_type": "polygon",
      "flags": {}
    },
    {
      "label": "box4",
      "points": [
        [
          106.95238095238096,
          386.9047619047619
        ],
        [
          56.35714285714286,
          452.3809523809524
        ],
        [
          124.80952380952382,
          508.33333333333337
        ],
        [
          181.35714285714286,
          445.23809523809524
        ],
        [
          191.47619047619048,
          434.5238095238095
        ],
        [
          123.02380952380952,
          379.1666666666667
        ]
      ],
      "group_id": null,
      "shape_type": "polygon",
      "flags": {}
    }
  ],
  "imagePath": "img81_colorRevise.png",
  "imageData": null,
  "imageHeight": 576,
  "imageWidth": 640
}