{
  "version": "4.5.6",
  "flags": {},
  "shapes": [
    {
      "label": "box1",
      "points": [
        [
          346.83333333333337,
          19.642857142857142
        ],
        [
          400.4047619047619,
          165.47619047619048
        ],
        [
          481.95238095238096,
          124.40476190476191
        ],
        [
          490.8809523809524,
          112.5
        ],
        [
          446.2380952380953,
          2.380952380952381
        ],
        [
          390.8809523809524,
          1.7857142857142858
        ]
      ],
      "group_id": null,
      "shape_type": "polygon",
      "flags": {}
    },
    {
      "label": "box2",
      "points": [
        [
          270.04761904761904,
          104.76190476190476
        ],
        [
          310.5238095238095,
          242.26190476190476
        ],
        [
          386.7142857142857,
          221.42857142857144
        ],
        [
          354.5714285714286,
          80.95238095238095
        ]
      ],
      "group_id": null,
      "shape_type": "polygon",
      "flags": {}
    },
    {
      "label": "box3",
      "points": [
        [
          424.80952380952385,
          164.28571428571428
        ],
        [
          416.4761904761905,
          167.85714285714286
        ],
        [
          401.0,
          280.95238095238096
        ],
        [
          412.30952380952385,
          286.3095238095238
        ],
        [
          463.5,
          294.64285714285717
        ],
        [
          480.7619047619048,
          167.26190476190476
        ]
      ],
      "group_id": null,
      "shape_type": "polygon",
      "flags": {}
    },
    {
      "label": "box4",
      "points": [
        [
          108.14285714285714,
          389.2857142857143
        ],
        [
          52.78571428571429,
          452.9761904761905
        ],
        [
          124.21428571428572,
          505.95238095238096
        ],
        [
          177.7857142857143,
          451.1904761904762
        ],
        [
          192.66666666666669,
          433.92857142857144
        ],
        [
          122.42857142857144,
          377.9761904761905
        ]
      ],
      "group_id": null,
      "shape_type": "polygon",
      "flags": {}
    }
  ],
  "imagePath": "img84_colorRevise.png",
  "imageData": null,
  "imageHeight": 576,
  "imageWidth": 640
}