{
  "version": "4.5.6",
  "flags": {},
  "shapes": [
    {
      "label": "box1",
      "points": [
        [
          317.0714285714286,
          83.92857142857143
        ],
        [
          289.6904761904762,
          182.73809523809524
        ],
        [
          415.8809523809524,
          223.80952380952382
        ],
        [
          445.04761904761904,
          124.40476190476191
        ],
        [
          323.0238095238095,
          85.11904761904762
        ]
      ],
      "group_id": null,
      "shape_type": "polygon",
      "flags": {}
    },
    {
      "label": "box2",
      "points": [
        [
          462.30952380952385,
          183.33333333333334
        ],
        [
          392.6666666666667,
          275.0
        ],
        [
          399.80952380952385,
          301.1904761904762
        ],
        [
          445.6428571428571,
          320.23809523809524
        ],
        [
          515.8809523809524,
          230.95238095238096
        ],
        [
          505.16666666666674,
          207.14285714285714
        ]
      ],
      "group_id": null,
      "shape_type": "polygon",
      "flags": {}
    },
    {
      "label": "box3",
      "points": [
        [
          128.38095238095238,
          376.1904761904762
        ],
        [
          107.54761904761907,
          390.4761904761905
        ],
        [
          54.571428571428584,
          451.7857142857143
        ],
        [
          123.61904761904762,
          505.95238095238096
        ],
        [
          174.21428571428572,
          451.7857142857143
        ],
        [
          192.66666666666669,
          432.73809523809524
        ]
      ],
      "group_id": null,
      "shape_type": "polygon",
      "flags": {}
    }
  ],
  "imagePath": "img87_colorRevise.png",
  "imageData": null,
  "imageHeight": 576,
  "imageWidth": 640
}