{
  "version": "4.5.6",
  "flags": {},
  "shapes": [
    {
      "label": "box1",
      "points": [
        [
          285.5238095238095,
          65.47619047619048
        ],
        [
          303.3809523809524,
          216.07142857142858
        ],
        [
          358.14285714285717,
          208.92857142857144
        ],
        [
          365.2857142857143,
          200.5952380952381
        ],
        [
          381.3571428571429,
          206.54761904761907
        ],
        [
          372.42857142857144,
          55.952380952380956
        ]
      ],
      "group_id": null,
      "shape_type": "polygon",
      "flags": {}
    },
    {
      "label": "box2",
      "points": [
        [
          108.73809523809524,
          390.4761904761905
        ],
        [
          55.166666666666686,
          450.59523809523813
        ],
        [
          124.80952380952382,
          507.73809523809524
        ],
        [
          178.38095238095238,
          446.42857142857144
        ],
        [
          192.07142857142856,
          435.11904761904765
        ],
        [
          126.0,
          379.1666666666667
        ]
      ],
      "group_id": null,
      "shape_type": "polygon",
      "flags": {}
    },
    {
      "label": "box3",
      "points": [
        [
          361.11904761904765,
          199.4047619047619
        ],
        [
          308.73809523809524,
          283.92857142857144
        ],
        [
          313.5,
          297.0238095238095
        ],
        [
          315.8809523809524,
          311.9047619047619
        ],
        [
          345.04761904761904,
          327.9761904761905
        ],
        [
          412.9047619047619,
          245.83333333333334
        ],
        [
          403.3809523809524,
          216.66666666666669
        ]
      ],
      "group_id": null,
      "shape_type": "polygon",
      "flags": {}
    },
    {
      "label": "box4",
      "points": [
        [
          382.54761904761904,
          155.95238095238096
        ],
        [
          409.92857142857144,
          238.0952380952381
        ],
        [
          429.5714285714286,
          256.54761904761904
        ],
        [
          544.452380952381,
          209.52380952380952
        ],
        [
          517.0714285714286,
          106.54761904761905
        ],
        [
          489.69047619047626,
          97.61904761904762
        ],
        [
          465.8809523809524,
          112.5
        ]
      ],
      "group_id": null,
      "shape_type": "polygon",
      "flags": {}
    }
  ],
  "imagePath": "img82_colorRevise.png",
  "imageData": null,
  "imageHeight": 576,
  "imageWidth": 640
}