{
  "version": "4.5.6",
  "flags": {},
  "shapes": [
    {
      "label": "box1",
      "points": [
        [
          320.64285714285717,
          85.11904761904762
        ],
        [
          295.64285714285717,
          159.52380952380952
        ],
        [
          298.61904761904765,
          168.45238095238096
        ],
        [
          409.33333333333337,
          210.11904761904762
        ],
        [
          415.8809523809524,
          202.38095238095238
        ],
        [
          439.69047619047626,
          130.95238095238096
        ]
      ],
      "group_id": null,
      "shape_type": "polygon",
      "flags": {}
    },
    {
      "label": "box2",
      "points": [
        [
          430.76190476190476,
          201.7857142857143
        ],
        [
          340.2857142857143,
          250.5952380952381
        ],
        [
          366.4761904761905,
          298.2142857142857
        ],
        [
          455.16666666666674,
          250.0
        ]
      ],
      "group_id": null,
      "shape_type": "polygon",
      "flags": {}
    }
  ],
  "imagePath": "img07_colorRevise.png",
  "imageData": null,
  "imageHeight": 576,
  "imageWidth": 640
}