{
  "version": "4.5.6",
  "flags": {},
  "shapes": [
    {
      "label": "box1",
      "points": [
        [
          339.6904761904762,
          71.42857142857143
        ],
        [
          345.64285714285717,
          205.35714285714286
        ],
        [
          415.8809523809524,
          204.16666666666669
        ],
        [
          419.45238095238096,
          199.4047619047619
        ],
        [
          415.2857142857143,
          67.85714285714286
        ]
      ],
      "group_id": null,
      "shape_type": "polygon",
      "flags": {}
    }
  ],
  "imagePath": "img00_colorRevise.png",
  "imageData": null,
  "imageHeight": 576,
  "imageWidth": 640
}