{
  "version": "4.5.6",
  "flags": {},
  "shapes": [
    {
      "label": "box1",
      "points": [
        [
          388.5,
          77.97619047619048
        ],
        [
          307.54761904761904,
          177.38095238095238
        ],
        [
          305.1666666666667,
          182.14285714285714
        ],
        [
          358.73809523809524,
          229.76190476190476
        ],
        [
          445.6428571428571,
          132.14285714285714
        ]
      ],
      "group_id": null,
      "shape_type": "polygon",
      "flags": {}
    },
    {
      "label": "box2",
      "points": [
        [
          414.09523809523813,
          169.04761904761907
        ],
        [
          358.14285714285717,
          254.16666666666669
        ],
        [
          399.2142857142857,
          283.92857142857144
        ],
        [
          457.54761904761904,
          199.4047619047619
        ]
      ],
      "group_id": null,
      "shape_type": "polygon",
      "flags": {}
    }
  ],
  "imagePath": "img06_colorRevise.png",
  "imageData": null,
  "imageHeight": 576,
  "imageWidth": 640
}