{
  "version": "4.5.6",
  "flags": {},
  "shapes": [
    {
      "label": "box1",
      "points": [
        [
          339.6904761904762,
          94.04761904761905
        ],
        [
          289.09523809523813,
          200.0
        ],
        [
          340.2857142857143,
          227.97619047619048
        ],
        [
          395.04761904761904,
          123.21428571428572
        ]
      ],
      "group_id": null,
      "shape_type": "polygon",
      "flags": {}
    }
  ],
  "imagePath": "img19_colorRevise.png",
  "imageData": null,
  "imageHeight": 576,
  "imageWidth": 640
}