{
  "version": "4.5.6",
  "flags": {},
  "shapes": [
    {
      "label": "box1",
      "points": [
        [
          405.76190476190476,
          83.33333333333334
        ],
        [
          323.0238095238095,
          198.21428571428572
        ],
        [
          381.95238095238096,
          248.80952380952382
        ],
        [
          468.2619047619048,
          135.11904761904762
        ]
      ],
      "group_id": null,
      "shape_type": "polygon",
      "flags": {}
    }
  ],
  "imagePath": "img17_colorRevise.png",
  "imageData": null,
  "imageHeight": 576,
  "imageWidth": 640
}