{
  "version": "4.5.6",
  "flags": {},
  "shapes": [
    {
      "label": "box1",
      "points": [
        [
          340.2857142857143,
          113.69047619047619
        ],
        [
          290.2857142857143,
          208.33333333333334
        ],
        [
          392.6666666666667,
          265.4761904761905
        ],
        [
          439.69047619047626,
          170.83333333333334
        ]
      ],
      "group_id": null,
      "shape_type": "polygon",
      "flags": {}
    }
  ],
  "imagePath": "img12_colorRevise.png",
  "imageData": null,
  "imageHeight": 576,
  "imageWidth": 640
}