{
  "version": "4.5.6",
  "flags": {},
  "shapes": [
    {
      "label": "box1",
      "points": [
        [
          420.0476190476191,
          84.52380952380953
        ],
        [
          388.5,
          85.11904761904762
        ],
        [
          308.14285714285717,
          144.04761904761907
        ],
        [
          351.0,
          229.16666666666669
        ],
        [
          376.0,
          235.71428571428572
        ],
        [
          453.9761904761905,
          177.38095238095238
        ]
      ],
      "group_id": null,
      "shape_type": "polygon",
      "flags": {}
    }
  ],
  "imagePath": "img13_colorRevise.png",
  "imageData": null,
  "imageHeight": 576,
  "imageWidth": 640
}