{
  "version": "4.5.6",
  "flags": {},
  "shapes": [
    {
      "label": "box1",
      "points": [
        [
          292.6666666666667,
          83.92857142857143
        ],
        [
          265.8809523809524,
          157.73809523809524
        ],
        [
          267.6666666666667,
          164.28571428571428
        ],
        [
          381.95238095238096,
          208.33333333333334
        ],
        [
          412.30952380952385,
          136.30952380952382
        ]
      ],
      "group_id": null,
      "shape_type": "polygon",
      "flags": {}
    },
    {
      "label": "box2",
      "points": [
        [
          421.23809523809524,
          121.42857142857143
        ],
        [
          378.3809523809524,
          224.40476190476193
        ],
        [
          455.7619047619048,
          257.73809523809524
        ],
        [
          462.30952380952385,
          255.95238095238096
        ],
        [
          506.3571428571429,
          162.5
        ]
      ],
      "group_id": null,
      "shape_type": "polygon",
      "flags": {}
    },
    {
      "label": "box3",
      "points": [
        [
          284.33333333333337,
          171.42857142857144
        ],
        [
          267.0714285714286,
          220.83333333333334
        ],
        [
          356.95238095238096,
          261.9047619047619
        ],
        [
          380.1666666666667,
          210.71428571428572
        ]
      ],
      "group_id": null,
      "shape_type": "polygon",
      "flags": {}
    }
  ],
  "imagePath": "img15_colorRevise.png",
  "imageData": null,
  "imageHeight": 576,
  "imageWidth": 640
}