{
  "version": "4.5.6",
  "flags": {},
  "shapes": [
    {
      "label": "box1",
      "points": [
        [
          358.73809523809524,
          89.88095238095238
        ],
        [
          268.26190476190476,
          207.73809523809524
        ],
        [
          348.61904761904765,
          271.42857142857144
        ],
        [
          437.9047619047619,
          157.73809523809524
        ]
      ],
      "group_id": null,
      "shape_type": "polygon",
      "flags": {}
    }
  ],
  "imagePath": "img25_colorRevise.png",
  "imageData": null,
  "imageHeight": 576,
  "imageWidth": 640
}