{
  "version": "4.5.6",
  "flags": {},
  "shapes": [
    {
      "label": "box1",
      "points": [
        [
          449.80952380952385,
          89.28571428571429
        ],
        [
          442.07142857142856,
          84.52380952380953
        ],
        [
          318.8571428571429,
          153.57142857142858
        ],
        [
          356.3571428571429,
          231.54761904761907
        ],
        [
          480.7619047619048,
          167.85714285714286
        ]
      ],
      "group_id": null,
      "shape_type": "polygon",
      "flags": {}
    }
  ],
  "imagePath": "img35_colorRevise.png",
  "imageData": null,
  "imageHeight": 576,
  "imageWidth": 640
}