{
  "version": "4.5.6",
  "flags": {},
  "shapes": [
    {
      "label": "box1",
      "points": [
        [
          270.64285714285717,
          111.30952380952381
        ],
        [
          314.09523809523813,
          245.23809523809524
        ],
        [
          315.2857142857143,
          255.35714285714286
        ],
        [
          391.4761904761905,
          232.14285714285714
        ],
        [
          395.64285714285717,
          219.04761904761907
        ],
        [
          349.2142857142857,
          91.66666666666667
        ]
      ],
      "group_id": null,
      "shape_type": "polygon",
      "flags": {}
    },
    {
      "label": "box2",
      "points": [
        [
          387.9047619047619,
          114.28571428571429
        ],
        [
          365.2857142857143,
          130.95238095238096
        ],
        [
          395.64285714285717,
          220.83333333333334
        ],
        [
          390.8809523809524,
          235.11904761904762
        ],
        [
          394.45238095238096,
          241.66666666666669
        ],
        [
          420.0476190476191,
          230.35714285714286
        ],
        [
          494.45238095238096,
          205.95238095238096
        ],
        [
          463.5,
          100.0
        ]
      ],
      "group_id": null,
      "shape_type": "polygon",
      "flags": {}
    }
  ],
  "imagePath": "img39_colorRevise.png",
  "imageData": null,
  "imageHeight": 576,
  "imageWidth": 640
}