{
  "version": "4.5.6",
  "flags": {},
  "shapes": [
    {
      "label": "box1",
      "points": [
        [
          327.1904761904762,
          54.16666666666667
        ],
        [
          271.83333333333337,
          159.52380952380952
        ],
        [
          273.61904761904765,
          169.64285714285714
        ],
        [
          313.5,
          195.83333333333334
        ],
        [
          320.04761904761904,
          185.11904761904762
        ],
        [
          371.83333333333337,
          104.16666666666667
        ],
        [
          372.42857142857144,
          83.33333333333334
        ]
      ],
      "group_id": null,
      "shape_type": "polygon",
      "flags": {}
    },
    {
      "label": "box2",
      "points": [
        [
          340.8809523809524,
          162.5
        ],
        [
          342.0714285714286,
          225.5952380952381
        ],
        [
          462.9047619047619,
          229.76190476190476
        ],
        [
          464.69047619047626,
          160.11904761904762
        ]
      ],
      "group_id": null,
      "shape_type": "polygon",
      "flags": {}
    }
  ],
  "imagePath": "img55_colorRevise.png",
  "imageData": null,
  "imageHeight": 576,
  "imageWidth": 640
}