{
  "version": "4.5.6",
  "flags": {},
  "shapes": [
    {
      "label": "box1",
      "points": [
        [
          359.92857142857144,
          77.97619047619048
        ],
        [
          305.1666666666667,
          188.6904761904762
        ],
        [
          395.04761904761904,
          241.66666666666669
        ],
        [
          451.0,
          133.33333333333334
        ]
      ],
      "group_id": null,
      "shape_type": "polygon",
      "flags": {}
    },
    {
      "label": "box2",
      "points": [
        [
          335.5238095238095,
          219.04761904761907
        ],
        [
          311.11904761904765,
          269.64285714285717
        ],
        [
          352.7857142857143,
          292.8571428571429
        ],
        [
          379.5714285714286,
          235.71428571428572
        ]
      ],
      "group_id": null,
      "shape_type": "polygon",
      "flags": {}
    },
    {
      "label": "box3",
      "points": [
        [
          450.4047619047619,
          150.5952380952381
        ],
        [
          384.92857142857144,
          280.3571428571429
        ],
        [
          450.4047619047619,
          310.11904761904765
        ],
        [
          514.6904761904763,
          182.14285714285714
        ]
      ],
      "group_id": null,
      "shape_type": "polygon",
      "flags": {}
    }
  ],
  "imagePath": "img53_colorRevise.png",
  "imageData": null,
  "imageHeight": 576,
  "imageWidth": 640
}