{
  "version": "4.5.6",
  "flags": {},
  "shapes": [
    {
      "label": "box1",
      "points": [
        [
          355.2857142857143,
          136.0
        ],
        [
          347.2857142857143,
          159.42857142857142
        ],
        [
          365.0,
          210.85714285714286
        ],
        [
          470.1428571428571,
          185.14285714285714
        ],
        [
          483.8571428571429,
          165.71428571428572
        ],
        [
          466.71428571428567,
          109.14285714285714
        ]
      ],
      "group_id": null,
      "shape_type": "polygon",
      "flags": {}
    },
    {
      "label": "box2",
      "points": [
        [
          410.1428571428571,
          209.71428571428572
        ],
        [
          398.71428571428567,
          218.28571428571428
        ],
        [
          400.42857142857144,
          294.85714285714283
        ],
        [
          413.57142857142856,
          298.2857142857143
        ],
        [
          509.57142857142856,
          297.14285714285717
        ],
        [
          511.28571428571433,
          205.14285714285714
        ]
      ],
      "group_id": null,
      "shape_type": "polygon",
      "flags": {}
    },
    {
      "label": "box3",
      "points": [
        [
          279.2857142857143,
          102.85714285714286
        ],
        [
          309.0,
          167.42857142857142
        ],
        [
          347.85714285714283,
          166.85714285714286
        ],
        [
          345.0,
          157.71428571428572
        ],
        [
          353.57142857142856,
          134.85714285714286
        ],
        [
          413.57142857142856,
          119.42857142857143
        ],
        [
          425.0,
          117.71428571428571
        ],
        [
          403.28571428571433,
          52.57142857142857
        ],
        [
          388.42857142857144,
          39.42857142857143
        ]
      ],
      "group_id": null,
      "shape_type": "polygon",
      "flags": {}
    }
  ],
  "imagePath": "img69_colorRevise.png",
  "imageData": null,
  "imageHeight": 576,
  "imageWidth": 640
}