{
  "version": "4.5.6",
  "flags": {},
  "shapes": [
    {
      "label": "box1",
      "points": [
        [
          375.2857142857143,
          20.571428571428573
        ],
        [
          366.7142857142857,
          114.85714285714286
        ],
        [
          362.14285714285717,
          140.0
        ],
        [
          441.57142857142856,
          147.42857142857142
        ],
        [
          490.71428571428567,
          137.14285714285714
        ],
        [
          495.28571428571433,
          129.14285714285714
        ],
        [
          502.71428571428567,
          33.714285714285715
        ]
      ],
      "group_id": null,
      "shape_type": "polygon",
      "flags": {}
    },
    {
      "label": "box2",
      "points": [
        [
          406.1428571428571,
          156.0
        ],
        [
          392.42857142857144,
          165.71428571428572
        ],
        [
          410.71428571428567,
          273.7142857142857
        ],
        [
          427.28571428571433,
          278.2857142857143
        ],
        [
          530.7142857142857,
          257.7142857142857
        ],
        [
          512.4285714285714,
          131.42857142857142
        ]
      ],
      "group_id": null,
      "shape_type": "polygon",
      "flags": {}
    },
    {
      "label": "box3",
      "points": [
        [
          310.7142857142857,
          152.57142857142858
        ],
        [
          315.85714285714283,
          174.85714285714286
        ],
        [
          345.0,
          278.2857142857143
        ],
        [
          395.28571428571433,
          264.0
        ],
        [
          371.85714285714283,
          158.85714285714286
        ],
        [
          366.7142857142857,
          139.42857142857142
        ]
      ],
      "group_id": null,
      "shape_type": "polygon",
      "flags": {}
    },
    {
      "label": "box4",
      "points": [
        [
          227.28571428571428,
          267.42857142857144
        ],
        [
          277.0,
          352.0
        ],
        [
          353.0,
          311.42857142857144
        ],
        [
          308.42857142857144,
          219.42857142857142
        ]
      ],
      "group_id": null,
      "shape_type": "polygon",
      "flags": {}
    }
  ],
  "imagePath": "img77_colorRevise.png",
  "imageData": null,
  "imageHeight": 576,
  "imageWidth": 640
}