{
  "version": "4.5.6",
  "flags": {},
  "shapes": [
    {
      "label": "box1",
      "points": [
        [
          399.28571428571433,
          283.42857142857144
        ],
        [
          503.8571428571429,
          291.42857142857144
        ],
        [
          511.28571428571433,
          197.14285714285714
        ],
        [
          407.28571428571433,
          194.28571428571428
        ]
      ],
      "group_id": null,
      "shape_type": "polygon",
      "flags": {}
    },
    {
      "label": "box2",
      "points": [
        [
          294.7142857142857,
          290.85714285714283
        ],
        [
          393.57142857142856,
          296.0
        ],
        [
          399.8571428571429,
          184.0
        ],
        [
          299.85714285714283,
          178.28571428571428
        ]
      ],
      "group_id": null,
      "shape_type": "polygon",
      "flags": {}
    },
    {
      "label": "box3",
      "points": [
        [
          278.14285714285717,
          185.71428571428572
        ],
        [
          298.7142857142857,
          186.85714285714286
        ],
        [
          297.57142857142856,
          176.57142857142858
        ],
        [
          393.0,
          182.85714285714286
        ],
        [
          397.0,
          109.14285714285714
        ],
        [
          275.2857142857143,
          101.14285714285714
        ]
      ],
      "group_id": null,
      "shape_type": "polygon",
      "flags": {}
    },
    {
      "label": "box4",
      "points": [
        [
          402.1428571428571,
          188.57142857142858
        ],
        [
          479.8571428571429,
          193.14285714285714
        ],
        [
          495.8571428571429,
          82.85714285714286
        ],
        [
          417.0,
          71.42857142857143
        ],
        [
          409.0,
          84.57142857142857
        ],
        [
          396.42857142857144,
          180.57142857142858
        ]
      ],
      "group_id": null,
      "shape_type": "polygon",
      "flags": {}
    },
    {
      "label": "box5",
      "points": [
        [
          283.2857142857143,
          37.714285714285715
        ],
        [
          403.28571428571433,
          57.142857142857146
        ],
        [
          393.57142857142856,
          108.0
        ],
        [
          322.14285714285717,
          102.28571428571429
        ],
        [
          277.0,
          94.85714285714286
        ]
      ],
      "group_id": null,
      "shape_type": "polygon",
      "flags": {}
    },
    {
      "label": "box6",
      "points": [
        [
          374.7142857142857,
          39.42857142857143
        ],
        [
          373.0,
          49.714285714285715
        ],
        [
          404.42857142857144,
          56.0
        ],
        [
          399.28571428571433,
          84.57142857142857
        ],
        [
          407.28571428571433,
          89.14285714285714
        ],
        [
          418.1428571428571,
          70.28571428571429
        ],
        [
          447.8571428571429,
          74.28571428571429
        ],
        [
          473.0,
          78.28571428571429
        ],
        [
          494.1428571428571,
          33.142857142857146
        ],
        [
          430.1428571428571,
          0.5714285714285714
        ],
        [
          390.1428571428571,
          1.1428571428571428
        ]
      ],
      "group_id": null,
      "shape_type": "polygon",
      "flags": {}
    }
  ],
  "imagePath": "img70_colorRevise.png",
  "imageData": null,
  "imageHeight": 576,
  "imageWidth": 640
}