{
  "version": "4.5.6",
  "flags": {},
  "shapes": [
    {
      "label": "box1",
      "points": [
        [
          55.28571428571428,
          451.42857142857144
        ],
        [
          125.57142857142856,
          508.57142857142856
        ],
        [
          177.57142857142856,
          449.14285714285717
        ],
        [
          193.57142857142856,
          435.42857142857144
        ],
        [
          125.0,
          377.14285714285717
        ],
        [
          104.42857142857142,
          389.14285714285717
        ]
      ],
      "group_id": null,
      "shape_type": "polygon",
      "flags": {}
    },
    {
      "label": "box2",
      "points": [
        [
          279.85714285714283,
          141.71428571428572
        ],
        [
          277.57142857142856,
          264.57142857142856
        ],
        [
          330.7142857142857,
          266.2857142857143
        ],
        [
          340.42857142857144,
          151.42857142857142
        ],
        [
          335.85714285714283,
          142.85714285714286
        ]
      ],
      "group_id": null,
      "shape_type": "polygon",
      "flags": {}
    },
    {
      "label": "box3",
      "points": [
        [
          389.0,
          170.28571428571428
        ],
        [
          351.85714285714283,
          268.57142857142856
        ],
        [
          347.85714285714283,
          309.7142857142857
        ],
        [
          434.71428571428567,
          334.2857142857143
        ],
        [
          485.0,
          249.71428571428572
        ],
        [
          480.42857142857144,
          201.14285714285714
        ]
      ],
      "group_id": null,
      "shape_type": "polygon",
      "flags": {}
    },
    {
      "label": "box4",
      "points": [
        [
          411.28571428571433,
          40.0
        ],
        [
          492.42857142857144,
          51.42857142857143
        ],
        [
          474.71428571428567,
          169.71428571428572
        ],
        [
          471.8571428571429,
          178.28571428571428
        ],
        [
          393.0,
          167.42857142857142
        ]
      ],
      "group_id": null,
      "shape_type": "polygon",
      "flags": {}
    },
    {
      "label": "box5",
      "points": [
        [
          255.85714285714283,
          56.0
        ],
        [
          258.7142857142857,
          113.14285714285714
        ],
        [
          269.0,
          130.85714285714286
        ],
        [
          297.0,
          125.14285714285714
        ],
        [
          297.0,
          119.42857142857143
        ],
        [
          363.85714285714283,
          104.57142857142857
        ],
        [
          363.2857142857143,
          110.85714285714286
        ],
        [
          377.57142857142856,
          108.0
        ],
        [
          377.57142857142856,
          88.57142857142857
        ],
        [
          369.0,
          34.285714285714285
        ]
      ],
      "group_id": null,
      "shape_type": "polygon",
      "flags": {}
    }
  ],
  "imagePath": "img78_colorRevise.png",
  "imageData": null,
  "imageHeight": 576,
  "imageWidth": 640
}