{
  "version": "4.5.6",
  "flags": {},
  "shapes": [
    {
      "label": "box1",
      "points": [
        [
          361.0,
          216.0
        ],
        [
          334.7142857142857,
          163.42857142857142
        ],
        [
          349.0,
          148.57142857142858
        ],
        [
          450.1428571428571,
          101.71428571428571
        ],
        [
          476.42857142857144,
          160.57142857142858
        ],
        [
          377.0,
          209.14285714285714
        ]
      ],
      "group_id": null,
      "shape_type": "polygon",
      "flags": {}
    },
    {
      "label": "box2",
      "points": [
        [
          405.0,
          282.85714285714283
        ],
        [
          503.8571428571429,
          292.57142857142856
        ],
        [
          510.71428571428567,
          196.0
        ],
        [
          409.0,
          196.0
        ]
      ],
      "group_id": null,
      "shape_type": "polygon",
      "flags": {}
    },
    {
      "label": "box3",
      "points": [
        [
          284.42857142857144,
          37.142857142857146
        ],
        [
          277.0,
          88.57142857142857
        ],
        [
          279.2857142857143,
          97.71428571428571
        ],
        [
          335.2857142857143,
          100.0
        ],
        [
          394.71428571428567,
          104.57142857142857
        ],
        [
          403.28571428571433,
          54.285714285714285
        ]
      ],
      "group_id": null,
      "shape_type": "polygon",
      "flags": {}
    }
  ],
  "imagePath": "img71_colorRevise.png",
  "imageData": null,
  "imageHeight": 576,
  "imageWidth": 640
}