{
  "version": "4.5.6",
  "flags": {},
  "shapes": [
    {
      "label": "box1",
      "points": [
        [
          284.92857142857144,
          63.69047619047619
        ],
        [
          306.95238095238096,
          217.26190476190476
        ],
        [
          381.95238095238096,
          207.14285714285714
        ],
        [
          373.0238095238095,
          57.73809523809524
        ]
      ],
      "group_id": null,
      "shape_type": "polygon",
      "flags": {}
    },
    {
      "label": "box2",
      "points": [
        [
          509.33333333333337,
          104.76190476190476
        ],
        [
          485.5238095238095,
          102.38095238095238
        ],
        [
          388.5,
          152.38095238095238
        ],
        [
          431.95238095238096,
          255.35714285714286
        ],
        [
          544.452380952381,
          208.92857142857144
        ]
      ],
      "group_id": null,
      "shape_type": "polygon",
      "flags": {}
    },
    {
      "label": "box3",
      "points": [
        [
          368.8571428571429,
          201.1904761904762
        ],
        [
          310.5238095238095,
          273.8095238095238
        ],
        [
          308.73809523809524,
          291.6666666666667
        ],
        [
          308.73809523809524,
          308.92857142857144
        ],
        [
          343.26190476190476,
          326.1904761904762
        ],
        [
          414.09523809523813,
          248.80952380952382
        ],
        [
          409.92857142857144,
          225.5952380952381
        ]
      ],
      "group_id": null,
      "shape_type": "polygon",
      "flags": {}
    },
    {
      "label": "box4",
      "points": [
        [
          128.97619047619048,
          377.9761904761905
        ],
        [
          108.14285714285714,
          389.2857142857143
        ],
        [
          53.97619047619048,
          451.1904761904762
        ],
        [
          126.5952380952381,
          505.95238095238096
        ],
        [
          178.38095238095238,
          448.2142857142857
        ],
        [
          193.8571428571429,
          435.7142857142857
        ]
      ],
      "group_id": null,
      "shape_type": "polygon",
      "flags": {}
    }
  ],
  "imagePath": "img83_colorRevise.png",
  "imageData": null,
  "imageHeight": 576,
  "imageWidth": 640
}