{
  "version": "4.5.6",
  "flags": {},
  "shapes": [
    {
      "label": "box1",
      "points": [
        [
          256.95238095238096,
          57.142857142857146
        ],
        [
          264.09523809523813,
          110.11904761904762
        ],
        [
          382.54761904761904,
          73.80952380952381
        ],
        [
          364.09523809523813,
          23.214285714285715
        ]
      ],
      "group_id": null,
      "shape_type": "polygon",
      "flags": {}
    },
    {
      "label": "box2",
      "points": [
        [
          267.0714285714286,
          108.92857142857143
        ],
        [
          308.73809523809524,
          245.83333333333334
        ],
        [
          384.92857142857144,
          223.80952380952382
        ],
        [
          352.7857142857143,
          83.33333333333334
        ]
      ],
      "group_id": null,
      "shape_type": "polygon",
      "flags": {}
    },
    {
      "label": "box3",
      "points": [
        [
          371.23809523809524,
          88.0952380952381
        ],
        [
          387.30952380952385,
          226.7857142857143
        ],
        [
          442.66666666666674,
          223.21428571428572
        ],
        [
          436.11904761904765,
          95.83333333333334
        ],
        [
          437.9047619047619,
          75.0
        ]
      ],
      "group_id": null,
      "shape_type": "polygon",
      "flags": {}
    },
    {
      "label": "box4",
      "points": [
        [
          558.1428571428571,
          66.07142857142857
        ],
        [
          536.7142857142858,
          66.66666666666667
        ],
        [
          442.07142857142856,
          102.97619047619048
        ],
        [
          472.42857142857144,
          224.40476190476193
        ],
        [
          502.19047619047626,
          230.95238095238096
        ],
        [
          583.1428571428571,
          199.4047619047619
        ]
      ],
      "group_id": null,
      "shape_type": "polygon",
      "flags": {}
    },
    {
      "label": "box5",
      "points": [
        [
          106.95238095238096,
          388.6904761904762
        ],
        [
          55.76190476190476,
          449.4047619047619
        ],
        [
          124.21428571428572,
          508.92857142857144
        ],
        [
          178.38095238095238,
          448.80952380952385
        ],
        [
          191.47619047619048,
          431.54761904761904
        ],
        [
          126.0,
          376.1904761904762
        ]
      ],
      "group_id": null,
      "shape_type": "polygon",
      "flags": {}
    }
  ],
  "imagePath": "img85_colorRevise.png",
  "imageData": null,
  "imageHeight": 576,
  "imageWidth": 640
}